rel_id,start_id,end_id,start_label,end_label,relationship_type,signal_type,signal_strength,impact_direction,time_sensitivity_level,impacted_scope,evidence_type,evidence_date,last_reviewed,confidence_score,confidence_band,clock_type
AFF_SIG_O_Fe_1,SIG_O_Fe_1,CL_O_Fe,StrategicSignal,Cluster,AFFECTS,TECH,M,UNCERTAIN,MEDIUM,铁/钢;绿色钢铁;取向硅钢;风电与储能结构件,INTERNAL_STRUCTURED_SOURCE,2026-03-16,2026-03-16,0.62,MEDIUM,
AFF_SIG_O_Fe_2,SIG_O_Fe_2,CL_O_Fe,StrategicSignal,Cluster,AFFECTS,REG,S,NEGATIVE,HIGH,铁/钢;绿色钢铁;取向硅钢;风电与储能结构件,GOV_REPORT,2026-01-14,2026-03-16,0.96,HIGH,
AFF_SIG_O_Fe_3,SIG_O_Fe_3,CL_O_Fe,StrategicSignal,Cluster,AFFECTS,DEMAND,M,POSITIVE,MEDIUM,铁/钢;绿色钢铁;取向硅钢;风电与储能结构件,INTERNAL_STRUCTURED_SOURCE,2026-03-16,2026-03-16,0.62,MEDIUM,
AFF_SIG_O_Al_1,SIG_O_Al_1,CL_O_Al,StrategicSignal,Cluster,AFFECTS,DEMAND,S,UNCERTAIN,MEDIUM,铝;电解铝;铝箔;轻量化与光伏边框,INTERNAL_STRUCTURED_SOURCE,2026-03-16,2026-03-16,0.62,MEDIUM,
AFF_SIG_O_Al_2,SIG_O_Al_2,CL_O_Al,StrategicSignal,Cluster,AFFECTS,REG,M,MIXED,HIGH,铝;电解铝;铝箔;轻量化与光伏边框,GOV_REPORT,2026-01-14,2026-03-16,0.96,HIGH,
AFF_SIG_O_Al_3,SIG_O_Al_3,CL_O_Al,StrategicSignal,Cluster,AFFECTS,GEO,W,NEGATIVE,HIGH,铝;电解铝;铝箔;轻量化与光伏边框,INTERNAL_STRUCTURED_SOURCE,2026-03-16,2026-03-16,0.62,MEDIUM,
AFF_SIG_O_C_1,SIG_O_C_1,CL_O_C,StrategicSignal,Cluster,AFFECTS,DEMAND,S,UNCERTAIN,MEDIUM,石墨/SiC/碳纤维;负极;功率半导体;冶金焦,INTERNAL_STRUCTURED_SOURCE,2026-03-16,2026-03-16,0.65,MEDIUM,
AFF_SIG_O_C_2,SIG_O_C_2,CL_O_C,StrategicSignal,Cluster,AFFECTS,TECH,M,UNCERTAIN,MEDIUM,石墨/SiC/碳纤维;负极;功率半导体;冶金焦,INTERNAL_STRUCTURED_SOURCE,2026-03-16,2026-03-16,0.62,MEDIUM,
AFF_SIG_O_C_3,SIG_O_C_3,CL_O_C,StrategicSignal,Cluster,AFFECTS,REG,M,NEGATIVE,HIGH,石墨/SiC/碳纤维;负极;功率半导体;冶金焦,MULTI_SOURCE,2025-03-19,2026-03-16,0.96,HIGH,
AFF_SIG_O_C_4,SIG_O_C_4,CL_O_C,StrategicSignal,Cluster,AFFECTS,TECH,S,NEGATIVE,MEDIUM,石墨/SiC/碳纤维;负极;功率半导体;冶金焦,INTERNAL_STRUCTURED_SOURCE,2026-03-16,2026-03-16,0.62,MEDIUM,
AFF_SIG_O_H_1,SIG_O_H_1,CL_O_H,StrategicSignal,Cluster,AFFECTS,DEMAND,S,UNCERTAIN,MEDIUM,氢;电解槽;绿氢;钢铁/化工/重卡,INTERNAL_STRUCTURED_SOURCE,2026-03-16,2026-03-16,0.62,MEDIUM,
AFF_SIG_O_H_2,SIG_O_H_2,CL_O_H,StrategicSignal,Cluster,AFFECTS,TECH,S,UNCERTAIN,MEDIUM,氢;电解槽;绿氢;钢铁/化工/重卡,INTERNAL_STRUCTURED_SOURCE,2026-03-16,2026-03-16,0.65,MEDIUM,
AFF_SIG_O_H_3,SIG_O_H_3,CL_O_H,StrategicSignal,Cluster,AFFECTS,REG,S,POSITIVE,HIGH,氢;电解槽;绿氢;钢铁/化工/重卡,MULTI_SOURCE,2026-01-14,2026-03-16,0.96,HIGH,
AFF_SIG_O_H_4,SIG_O_H_4,CL_O_H,StrategicSignal,Cluster,AFFECTS,GEO,M,POSITIVE,HIGH,氢;电解槽;绿氢;钢铁/化工/重卡,GOV_REPORT,2024-01-01,2026-03-16,0.84,MEDIUM_HIGH,
AFF_SIG_O_Ti_Zr_Hf_1,SIG_O_Ti_Zr_Hf_1,CL_O_Ti_Zr_Hf,StrategicSignal,Cluster,AFFECTS,GEO,S,MIXED,HIGH,Ti/Zr/Hf;航空材料;核电包壳;先进制程介质,INTERNAL_STRUCTURED_SOURCE,2026-03-16,2026-03-16,0.62,MEDIUM,
AFF_SIG_O_Ti_Zr_Hf_2,SIG_O_Ti_Zr_Hf_2,CL_O_Ti_Zr_Hf,StrategicSignal,Cluster,AFFECTS,DEMAND,S,POSITIVE,MEDIUM,Ti/Zr/Hf;航空材料;核电包壳;先进制程介质,INTERNAL_STRUCTURED_SOURCE,2026-03-16,2026-03-16,0.62,MEDIUM,
AFF_SIG_O_Ti_Zr_Hf_3,SIG_O_Ti_Zr_Hf_3,CL_O_Ti_Zr_Hf,StrategicSignal,Cluster,AFFECTS,TECH,M,UNCERTAIN,MEDIUM,Ti/Zr/Hf;航空材料;核电包壳;先进制程介质,INTERNAL_STRUCTURED_SOURCE,2026-03-16,2026-03-16,0.62,MEDIUM,
AFF_SIG_O_Ti_Zr_Hf_4,SIG_O_Ti_Zr_Hf_4,CL_O_Ti_Zr_Hf,StrategicSignal,Cluster,AFFECTS,DEMAND,M,POSITIVE,MEDIUM,Ti/Zr/Hf;航空材料;核电包壳;先进制程介质,INTERNAL_STRUCTURED_SOURCE,2026-03-16,2026-03-16,0.62,MEDIUM,
AFF_SIG_O_Cr_Mo_W_V_Nb_Ta_1,SIG_O_Cr_Mo_W_V_Nb_Ta_1,CL_O_Cr_Mo_W_V_Nb_Ta,StrategicSignal,Cluster,AFFECTS,GEO,S,NEGATIVE,HIGH,W/Mo/V/Nb/Ta;硬质合金;液流电池;电子电容,GOV_REPORT,2025-03-19,2026-03-16,0.93,HIGH,
AFF_SIG_O_Cr_Mo_W_V_Nb_Ta_2,SIG_O_Cr_Mo_W_V_Nb_Ta_2,CL_O_Cr_Mo_W_V_Nb_Ta,StrategicSignal,Cluster,AFFECTS,DEMAND,S,POSITIVE,MEDIUM,W/Mo/V/Nb/Ta;硬质合金;液流电池;电子电容,INTERNAL_STRUCTURED_SOURCE,2026-03-16,2026-03-16,0.62,MEDIUM,
AFF_SIG_O_Cr_Mo_W_V_Nb_Ta_3,SIG_O_Cr_Mo_W_V_Nb_Ta_3,CL_O_Cr_Mo_W_V_Nb_Ta,StrategicSignal,Cluster,AFFECTS,DEMAND,M,POSITIVE,MEDIUM,W/Mo/V/Nb/Ta;硬质合金;液流电池;电子电容,INTERNAL_STRUCTURED_SOURCE,2026-03-16,2026-03-16,0.62,MEDIUM,
AFF_SIG_O_Cr_Mo_W_V_Nb_Ta_4,SIG_O_Cr_Mo_W_V_Nb_Ta_4,CL_O_Cr_Mo_W_V_Nb_Ta,StrategicSignal,Cluster,AFFECTS,REG,M,MIXED,HIGH,W/Mo/V/Nb/Ta;硬质合金;液流电池;电子电容,INTERNAL_STRUCTURED_SOURCE,2026-03-16,2026-03-16,0.62,MEDIUM,
AFF_SIG_O_PGM_1,SIG_O_PGM_1,CL_O_PGM,StrategicSignal,Cluster,AFFECTS,DEMAND,S,UNCERTAIN,MEDIUM,Pt/Pd/Rh/Ir;电解槽;燃料电池;汽车催化,INTERNAL_STRUCTURED_SOURCE,2026-03-16,2026-03-16,0.62,MEDIUM,
AFF_SIG_O_PGM_2,SIG_O_PGM_2,CL_O_PGM,StrategicSignal,Cluster,AFFECTS,GEO,S,NEGATIVE,HIGH,Pt/Pd/Rh/Ir;电解槽;燃料电池;汽车催化,INTERNAL_STRUCTURED_SOURCE,2026-03-16,2026-03-16,0.62,MEDIUM,
AFF_SIG_O_PGM_3,SIG_O_PGM_3,CL_O_PGM,StrategicSignal,Cluster,AFFECTS,TECH,M,UNCERTAIN,MEDIUM,Pt/Pd/Rh/Ir;电解槽;燃料电池;汽车催化,INTERNAL_STRUCTURED_SOURCE,2026-03-16,2026-03-16,0.62,MEDIUM,
AFF_SIG_O_PGM_4,SIG_O_PGM_4,CL_O_PGM,StrategicSignal,Cluster,AFFECTS,DEMAND,M,UNCERTAIN,MEDIUM,Pt/Pd/Rh/Ir;电解槽;燃料电池;汽车催化,INTERNAL_STRUCTURED_SOURCE,2026-03-16,2026-03-16,0.62,MEDIUM,
AFF_SIG_O_Ag_Au_1,SIG_O_Ag_Au_1,CL_O_Ag_Au,StrategicSignal,Cluster,AFFECTS,DEMAND,S,UNCERTAIN,MEDIUM,Ag/Au;光伏银浆;高可靠电子,GOV_REPORT,2025-03-19,2026-03-16,0.93,HIGH,
AFF_SIG_O_Ag_Au_2,SIG_O_Ag_Au_2,CL_O_Ag_Au,StrategicSignal,Cluster,AFFECTS,TECH,S,UNCERTAIN,MEDIUM,Ag/Au;光伏银浆;高可靠电子,INTERNAL_STRUCTURED_SOURCE,2026-03-16,2026-03-16,0.65,MEDIUM,
AFF_SIG_O_Ag_Au_3,SIG_O_Ag_Au_3,CL_O_Ag_Au,StrategicSignal,Cluster,AFFECTS,DEMAND,M,POSITIVE,MEDIUM,Ag/Au;光伏银浆;高可靠电子,INTERNAL_STRUCTURED_SOURCE,2026-03-16,2026-03-16,0.62,MEDIUM,
AFF_SIG_O_P_F_1,SIG_O_P_F_1,CL_O_P_F,StrategicSignal,Cluster,AFFECTS,GEO,S,NEGATIVE,HIGH,P/F;LFP/PVDF/HF;电池与含氟化工,INTERNAL_STRUCTURED_SOURCE,2026-03-16,2026-03-16,0.65,MEDIUM,
AFF_SIG_O_P_F_2,SIG_O_P_F_2,CL_O_P_F,StrategicSignal,Cluster,AFFECTS,REG,S,NEGATIVE,HIGH,P/F;LFP/PVDF/HF;电池与含氟化工,INTERNAL_STRUCTURED_SOURCE,2026-03-16,2026-03-16,0.65,MEDIUM,
AFF_SIG_O_P_F_3,SIG_O_P_F_3,CL_O_P_F,StrategicSignal,Cluster,AFFECTS,DEMAND,S,POSITIVE,MEDIUM,P/F;LFP/PVDF/HF;电池与含氟化工,INTERNAL_STRUCTURED_SOURCE,2026-03-16,2026-03-16,0.62,MEDIUM,
AFF_SIG_O_P_F_4,SIG_O_P_F_4,CL_O_P_F,StrategicSignal,Cluster,AFFECTS,TECH,M,UNCERTAIN,MEDIUM,P/F;LFP/PVDF/HF;电池与含氟化工,INTERNAL_STRUCTURED_SOURCE,2026-03-16,2026-03-16,0.65,MEDIUM,
AFF_SIG_O_Zn_Sn_Pb_1,SIG_O_Zn_Sn_Pb_1,CL_O_Zn_Sn_Pb,StrategicSignal,Cluster,AFFECTS,DEMAND,M,POSITIVE,MEDIUM,Zn/Sn/Pb;镀锌;焊料;铅酸电池,INTERNAL_STRUCTURED_SOURCE,2026-03-16,2026-03-16,0.62,MEDIUM,
AFF_SIG_O_Zn_Sn_Pb_2,SIG_O_Zn_Sn_Pb_2,CL_O_Zn_Sn_Pb,StrategicSignal,Cluster,AFFECTS,GEO,M,NEGATIVE,HIGH,Zn/Sn/Pb;镀锌;焊料;铅酸电池,INTERNAL_STRUCTURED_SOURCE,2026-03-16,2026-03-16,0.62,MEDIUM,
AFF_SIG_O_Zn_Sn_Pb_3,SIG_O_Zn_Sn_Pb_3,CL_O_Zn_Sn_Pb,StrategicSignal,Cluster,AFFECTS,REG,S,NEGATIVE,HIGH,Zn/Sn/Pb;镀锌;焊料;铅酸电池,INTERNAL_STRUCTURED_SOURCE,2026-03-16,2026-03-16,0.62,MEDIUM,
AFF_SIG_O_Zn_Sn_Pb_4,SIG_O_Zn_Sn_Pb_4,CL_O_Zn_Sn_Pb,StrategicSignal,Cluster,AFFECTS,TECH,M,UNCERTAIN,MEDIUM,Zn/Sn/Pb;镀锌;焊料;铅酸电池,INTERNAL_STRUCTURED_SOURCE,2026-03-16,2026-03-16,0.62,MEDIUM,
AFF_SIG_O_Mg_Ca_1,SIG_O_Mg_Ca_1,CL_O_Mg_Ca,StrategicSignal,Cluster,AFFECTS,GEO,S,NEGATIVE,HIGH,Mg/Ca;镁合金;汽车轻量化,INTERNAL_STRUCTURED_SOURCE,2026-03-16,2026-03-16,0.62,MEDIUM,
AFF_SIG_O_Mg_Ca_2,SIG_O_Mg_Ca_2,CL_O_Mg_Ca,StrategicSignal,Cluster,AFFECTS,DEMAND,M,POSITIVE,MEDIUM,Mg/Ca;镁合金;汽车轻量化,INTERNAL_STRUCTURED_SOURCE,2026-03-16,2026-03-16,0.62,MEDIUM,
AFF_SIG_O_Mg_Ca_3,SIG_O_Mg_Ca_3,CL_O_Mg_Ca,StrategicSignal,Cluster,AFFECTS,REG,M,MIXED,HIGH,Mg/Ca;镁合金;汽车轻量化,INTERNAL_STRUCTURED_SOURCE,2026-03-16,2026-03-16,0.62,MEDIUM,
AFF_SIG_O_O_N_1,SIG_O_O_N_1,CL_O_O_N,StrategicSignal,Cluster,AFFECTS,DEMAND,M,POSITIVE,MEDIUM,氧/氮;工业气体;化工基础,INTERNAL_STRUCTURED_SOURCE,2026-03-16,2026-03-16,0.62,MEDIUM,
AFF_SIG_O_O_N_2,SIG_O_O_N_2,CL_O_O_N,StrategicSignal,Cluster,AFFECTS,DEMAND,M,POSITIVE,MEDIUM,氧/氮;工业气体;化工基础,GOV_REPORT,2024-06-25,2026-03-16,0.9,HIGH,
AFF_SIG_G_C01_H_GEO,SIG_G_C01_H_GEO,CL_G_C01_H,StrategicSignal,Cluster,AFFECTS,GEO,,NEGATIVE,HIGH,CL_G_C01_H,INTERNAL_STRUCTURED_SOURCE,2026-03-16,2026-03-16,0.62,MEDIUM,
AFF_SIG_G_C01_H_DEMAND,SIG_G_C01_H_DEMAND,CL_G_C01_H,StrategicSignal,Cluster,AFFECTS,DEMAND,,UNCERTAIN,MEDIUM,CL_G_C01_H,INTERNAL_STRUCTURED_SOURCE,2026-03-16,2026-03-16,0.62,MEDIUM,
AFF_SIG_G_C01_H_TECH,SIG_G_C01_H_TECH,CL_G_C01_H,StrategicSignal,Cluster,AFFECTS,TECH,,UNCERTAIN,MEDIUM,CL_G_C01_H,INTERNAL_STRUCTURED_SOURCE,2026-03-16,2026-03-16,0.65,MEDIUM,
AFF_SIG_G_C01_H_REG,SIG_G_C01_H_REG,CL_G_C01_H,StrategicSignal,Cluster,AFFECTS,REG,,POSITIVE,HIGH,CL_G_C01_H,MULTI_SOURCE,2026-01-14,2026-03-16,0.96,HIGH,
AFF_SIG_G_C02_C_GEO,SIG_G_C02_C_GEO,CL_G_C02_C,StrategicSignal,Cluster,AFFECTS,GEO,,MIXED,HIGH,CL_G_C02_C,GOV_REPORT,2023-10-20,2026-03-16,0.86,MEDIUM_HIGH,
AFF_SIG_G_C02_C_DEMAND,SIG_G_C02_C_DEMAND,CL_G_C02_C,StrategicSignal,Cluster,AFFECTS,DEMAND,,POSITIVE,MEDIUM,CL_G_C02_C,INTERNAL_STRUCTURED_SOURCE,2026-03-16,2026-03-16,0.62,MEDIUM,
AFF_SIG_G_C02_C_TECH,SIG_G_C02_C_TECH,CL_G_C02_C,StrategicSignal,Cluster,AFFECTS,TECH,,UNCERTAIN,MEDIUM,CL_G_C02_C,INTERNAL_STRUCTURED_SOURCE,2026-03-16,2026-03-16,0.62,MEDIUM,
AFF_SIG_G_C02_C_REG,SIG_G_C02_C_REG,CL_G_C02_C,StrategicSignal,Cluster,AFFECTS,REG,,NEGATIVE,HIGH,CL_G_C02_C,GOV_REPORT,2023-10-20,2026-03-16,0.86,MEDIUM_HIGH,
AFF_SIG_G_C03_NO_GEO,SIG_G_C03_NO_GEO,CL_G_C03_NO,StrategicSignal,Cluster,AFFECTS,GEO,,NEGATIVE,HIGH,CL_G_C03_NO,GOV_REPORT,2024-06-25,2026-03-16,0.9,HIGH,
AFF_SIG_G_C03_NO_DEMAND,SIG_G_C03_NO_DEMAND,CL_G_C03_NO,StrategicSignal,Cluster,AFFECTS,DEMAND,,UNCERTAIN,MEDIUM,CL_G_C03_NO,GOV_REPORT,2024-06-25,2026-03-16,0.9,HIGH,
AFF_SIG_G_C03_NO_TECH,SIG_G_C03_NO_TECH,CL_G_C03_NO,StrategicSignal,Cluster,AFFECTS,TECH,,UNCERTAIN,MEDIUM,CL_G_C03_NO,GOV_REPORT,2024-06-25,2026-03-16,0.9,HIGH,
AFF_SIG_G_C03_NO_REG,SIG_G_C03_NO_REG,CL_G_C03_NO,StrategicSignal,Cluster,AFFECTS,REG,,NEGATIVE,HIGH,CL_G_C03_NO,MULTI_SOURCE,2024-06-25,2026-03-16,0.92,HIGH,
AFF_SIG_G_C04_AL_GEO,SIG_G_C04_AL_GEO,CL_G_C04_AL,StrategicSignal,Cluster,AFFECTS,GEO,,MIXED,HIGH,CL_G_C04_AL,INTERNAL_STRUCTURED_SOURCE,2026-03-16,2026-03-16,0.62,MEDIUM,
AFF_SIG_G_C04_AL_DEMAND,SIG_G_C04_AL_DEMAND,CL_G_C04_AL,StrategicSignal,Cluster,AFFECTS,DEMAND,,UNCERTAIN,MEDIUM,CL_G_C04_AL,INTERNAL_STRUCTURED_SOURCE,2026-03-16,2026-03-16,0.62,MEDIUM,
AFF_SIG_G_C04_AL_TECH,SIG_G_C04_AL_TECH,CL_G_C04_AL,StrategicSignal,Cluster,AFFECTS,TECH,,UNCERTAIN,MEDIUM,CL_G_C04_AL,INTERNAL_STRUCTURED_SOURCE,2026-03-16,2026-03-16,0.62,MEDIUM,
AFF_SIG_G_C04_AL_REG,SIG_G_C04_AL_REG,CL_G_C04_AL,StrategicSignal,Cluster,AFFECTS,REG,,NEGATIVE,HIGH,CL_G_C04_AL,GOV_REPORT,2026-01-14,2026-03-16,0.96,HIGH,
AFF_SIG_G_C05_FE_GEO,SIG_G_C05_FE_GEO,CL_G_C05_FE,StrategicSignal,Cluster,AFFECTS,GEO,,MIXED,HIGH,CL_G_C05_FE,INTERNAL_STRUCTURED_SOURCE,2026-03-16,2026-03-16,0.62,MEDIUM,
AFF_SIG_G_C05_FE_DEMAND,SIG_G_C05_FE_DEMAND,CL_G_C05_FE,StrategicSignal,Cluster,AFFECTS,DEMAND,,UNCERTAIN,MEDIUM,CL_G_C05_FE,INTERNAL_STRUCTURED_SOURCE,2026-03-16,2026-03-16,0.62,MEDIUM,
AFF_SIG_G_C05_FE_TECH,SIG_G_C05_FE_TECH,CL_G_C05_FE,StrategicSignal,Cluster,AFFECTS,TECH,,POSITIVE,MEDIUM,CL_G_C05_FE,INTERNAL_STRUCTURED_SOURCE,2026-03-16,2026-03-16,0.65,MEDIUM,
AFF_SIG_G_C05_FE_REG,SIG_G_C05_FE_REG,CL_G_C05_FE,StrategicSignal,Cluster,AFFECTS,REG,,MIXED,HIGH,CL_G_C05_FE,GOV_REPORT,2026-01-14,2026-03-16,0.96,HIGH,
AFF_SIG_G_C06_PF_GEO,SIG_G_C06_PF_GEO,CL_G_C06_PF,StrategicSignal,Cluster,AFFECTS,GEO,,MIXED,HIGH,CL_G_C06_PF,INTERNAL_STRUCTURED_SOURCE,2026-03-16,2026-03-16,0.62,MEDIUM,
AFF_SIG_G_C06_PF_DEMAND,SIG_G_C06_PF_DEMAND,CL_G_C06_PF,StrategicSignal,Cluster,AFFECTS,DEMAND,,POSITIVE,MEDIUM,CL_G_C06_PF,INTERNAL_STRUCTURED_SOURCE,2026-03-16,2026-03-16,0.65,MEDIUM,
AFF_SIG_G_C06_PF_TECH,SIG_G_C06_PF_TECH,CL_G_C06_PF,StrategicSignal,Cluster,AFFECTS,TECH,,UNCERTAIN,MEDIUM,CL_G_C06_PF,INTERNAL_STRUCTURED_SOURCE,2026-03-16,2026-03-16,0.62,MEDIUM,
AFF_SIG_G_C06_PF_REG,SIG_G_C06_PF_REG,CL_G_C06_PF,StrategicSignal,Cluster,AFFECTS,REG,,NEGATIVE,HIGH,CL_G_C06_PF,INTERNAL_STRUCTURED_SOURCE,2026-03-16,2026-03-16,0.65,MEDIUM,
AFF_SIG_G_C07_TIZRHF_GEO,SIG_G_C07_TIZRHF_GEO,CL_G_C07_TIZRHF,StrategicSignal,Cluster,AFFECTS,GEO,,MIXED,HIGH,CL_G_C07_TIZRHF,INTERNAL_STRUCTURED_SOURCE,2026-03-16,2026-03-16,0.62,MEDIUM,
AFF_SIG_G_C07_TIZRHF_DEMAND,SIG_G_C07_TIZRHF_DEMAND,CL_G_C07_TIZRHF,StrategicSignal,Cluster,AFFECTS,DEMAND,,POSITIVE,MEDIUM,CL_G_C07_TIZRHF,INTERNAL_STRUCTURED_SOURCE,2026-03-16,2026-03-16,0.62,MEDIUM,
AFF_SIG_G_C07_TIZRHF_TECH,SIG_G_C07_TIZRHF_TECH,CL_G_C07_TIZRHF,StrategicSignal,Cluster,AFFECTS,TECH,,UNCERTAIN,MEDIUM,CL_G_C07_TIZRHF,INTERNAL_STRUCTURED_SOURCE,2026-03-16,2026-03-16,0.62,MEDIUM,
AFF_SIG_G_C07_TIZRHF_REG,SIG_G_C07_TIZRHF_REG,CL_G_C07_TIZRHF,StrategicSignal,Cluster,AFFECTS,REG,,POSITIVE,HIGH,CL_G_C07_TIZRHF,INTERNAL_STRUCTURED_SOURCE,2026-03-16,2026-03-16,0.62,MEDIUM,
AFF_SIG_G_C08_REFRACTORY_GEO,SIG_G_C08_REFRACTORY_GEO,CL_G_C08_REFRACTORY,StrategicSignal,Cluster,AFFECTS,GEO,,NEGATIVE,HIGH,CL_G_C08_REFRACTORY,GOV_REPORT,2025-03-19,2026-03-16,0.93,HIGH,
AFF_SIG_G_C08_REFRACTORY_DEMAND,SIG_G_C08_REFRACTORY_DEMAND,CL_G_C08_REFRACTORY,StrategicSignal,Cluster,AFFECTS,DEMAND,,POSITIVE,MEDIUM,CL_G_C08_REFRACTORY,INTERNAL_STRUCTURED_SOURCE,2026-03-16,2026-03-16,0.65,MEDIUM,
AFF_SIG_G_C08_REFRACTORY_TECH,SIG_G_C08_REFRACTORY_TECH,CL_G_C08_REFRACTORY,StrategicSignal,Cluster,AFFECTS,TECH,,UNCERTAIN,MEDIUM,CL_G_C08_REFRACTORY,INTERNAL_STRUCTURED_SOURCE,2026-03-16,2026-03-16,0.62,MEDIUM,
AFF_SIG_G_C08_REFRACTORY_REG,SIG_G_C08_REFRACTORY_REG,CL_G_C08_REFRACTORY,StrategicSignal,Cluster,AFFECTS,REG,,MIXED,HIGH,CL_G_C08_REFRACTORY,GOV_REPORT,2024-05-23,2026-03-16,0.89,MEDIUM_HIGH,
AFF_SIG_G_C09_MGCA_GEO,SIG_G_C09_MGCA_GEO,CL_G_C09_MGCA,StrategicSignal,Cluster,AFFECTS,GEO,,MIXED,HIGH,CL_G_C09_MGCA,INTERNAL_STRUCTURED_SOURCE,2026-03-16,2026-03-16,0.62,MEDIUM,
AFF_SIG_G_C09_MGCA_DEMAND,SIG_G_C09_MGCA_DEMAND,CL_G_C09_MGCA,StrategicSignal,Cluster,AFFECTS,DEMAND,,POSITIVE,MEDIUM,CL_G_C09_MGCA,INTERNAL_STRUCTURED_SOURCE,2026-03-16,2026-03-16,0.62,MEDIUM,
AFF_SIG_G_C09_MGCA_TECH,SIG_G_C09_MGCA_TECH,CL_G_C09_MGCA,StrategicSignal,Cluster,AFFECTS,TECH,,UNCERTAIN,MEDIUM,CL_G_C09_MGCA,INTERNAL_STRUCTURED_SOURCE,2026-03-16,2026-03-16,0.62,MEDIUM,
AFF_SIG_G_C09_MGCA_REG,SIG_G_C09_MGCA_REG,CL_G_C09_MGCA,StrategicSignal,Cluster,AFFECTS,REG,,MIXED,HIGH,CL_G_C09_MGCA,INTERNAL_STRUCTURED_SOURCE,2026-03-16,2026-03-16,0.62,MEDIUM,
AFF_SIG_G_C10_AGAU_GEO,SIG_G_C10_AGAU_GEO,CL_G_C10_AGAU,StrategicSignal,Cluster,AFFECTS,GEO,,MIXED,HIGH,CL_G_C10_AGAU,INTERNAL_STRUCTURED_SOURCE,2026-03-16,2026-03-16,0.62,MEDIUM,
AFF_SIG_G_C10_AGAU_DEMAND,SIG_G_C10_AGAU_DEMAND,CL_G_C10_AGAU,StrategicSignal,Cluster,AFFECTS,DEMAND,,POSITIVE,MEDIUM,CL_G_C10_AGAU,INTERNAL_STRUCTURED_SOURCE,2026-03-16,2026-03-16,0.65,MEDIUM,
AFF_SIG_G_C10_AGAU_TECH,SIG_G_C10_AGAU_TECH,CL_G_C10_AGAU,StrategicSignal,Cluster,AFFECTS,TECH,,UNCERTAIN,MEDIUM,CL_G_C10_AGAU,INTERNAL_STRUCTURED_SOURCE,2026-03-16,2026-03-16,0.62,MEDIUM,
AFF_SIG_G_C10_AGAU_REG,SIG_G_C10_AGAU_REG,CL_G_C10_AGAU,StrategicSignal,Cluster,AFFECTS,REG,,MIXED,HIGH,CL_G_C10_AGAU,INTERNAL_STRUCTURED_SOURCE,2026-03-16,2026-03-16,0.62,MEDIUM,
AFF_SIG_G_C11_PGM_GEO,SIG_G_C11_PGM_GEO,CL_G_C11_PGM,StrategicSignal,Cluster,AFFECTS,GEO,,MIXED,HIGH,CL_G_C11_PGM,INTERNAL_STRUCTURED_SOURCE,2026-03-16,2026-03-16,0.62,MEDIUM,
AFF_SIG_G_C11_PGM_DEMAND,SIG_G_C11_PGM_DEMAND,CL_G_C11_PGM,StrategicSignal,Cluster,AFFECTS,DEMAND,,UNCERTAIN,MEDIUM,CL_G_C11_PGM,INTERNAL_STRUCTURED_SOURCE,2026-03-16,2026-03-16,0.62,MEDIUM,
AFF_SIG_G_C11_PGM_TECH,SIG_G_C11_PGM_TECH,CL_G_C11_PGM,StrategicSignal,Cluster,AFFECTS,TECH,,UNCERTAIN,MEDIUM,CL_G_C11_PGM,INTERNAL_STRUCTURED_SOURCE,2026-03-16,2026-03-16,0.62,MEDIUM,
AFF_SIG_G_C11_PGM_REG,SIG_G_C11_PGM_REG,CL_G_C11_PGM,StrategicSignal,Cluster,AFFECTS,REG,,POSITIVE,HIGH,CL_G_C11_PGM,GOV_REPORT,2024-01-01,2026-03-16,0.84,MEDIUM_HIGH,
AFF_SIG_G_C12_ZNSNPB_GEO,SIG_G_C12_ZNSNPB_GEO,CL_G_C12_ZNSNPB,StrategicSignal,Cluster,AFFECTS,GEO,,MIXED,HIGH,CL_G_C12_ZNSNPB,INTERNAL_STRUCTURED_SOURCE,2026-03-16,2026-03-16,0.62,MEDIUM,
AFF_SIG_G_C12_ZNSNPB_DEMAND,SIG_G_C12_ZNSNPB_DEMAND,CL_G_C12_ZNSNPB,StrategicSignal,Cluster,AFFECTS,DEMAND,,POSITIVE,MEDIUM,CL_G_C12_ZNSNPB,INTERNAL_STRUCTURED_SOURCE,2026-03-16,2026-03-16,0.62,MEDIUM,
AFF_SIG_G_C12_ZNSNPB_TECH,SIG_G_C12_ZNSNPB_TECH,CL_G_C12_ZNSNPB,StrategicSignal,Cluster,AFFECTS,TECH,,UNCERTAIN,MEDIUM,CL_G_C12_ZNSNPB,INTERNAL_STRUCTURED_SOURCE,2026-03-16,2026-03-16,0.62,MEDIUM,
AFF_SIG_G_C12_ZNSNPB_REG,SIG_G_C12_ZNSNPB_REG,CL_G_C12_ZNSNPB,StrategicSignal,Cluster,AFFECTS,REG,,MIXED,HIGH,CL_G_C12_ZNSNPB,INTERNAL_STRUCTURED_SOURCE,2026-03-16,2026-03-16,0.62,MEDIUM,
AFF_SIG_G_C13_SCLS_GEO,SIG_G_C13_SCLS_GEO,CL_G_C13_SCLS,StrategicSignal,Cluster,AFFECTS,GEO,,MIXED,HIGH,CL_G_C13_SCLS,INTERNAL_STRUCTURED_SOURCE,2026-03-16,2026-03-16,0.62,MEDIUM,
AFF_SIG_G_C13_SCLS_DEMAND,SIG_G_C13_SCLS_DEMAND,CL_G_C13_SCLS,StrategicSignal,Cluster,AFFECTS,DEMAND,,POSITIVE,MEDIUM,CL_G_C13_SCLS,INTERNAL_STRUCTURED_SOURCE,2026-03-16,2026-03-16,0.62,MEDIUM,
AFF_SIG_G_C13_SCLS_TECH,SIG_G_C13_SCLS_TECH,CL_G_C13_SCLS,StrategicSignal,Cluster,AFFECTS,TECH,,UNCERTAIN,MEDIUM,CL_G_C13_SCLS,INTERNAL_STRUCTURED_SOURCE,2026-03-16,2026-03-16,0.62,MEDIUM,
AFF_SIG_G_C13_SCLS_REG,SIG_G_C13_SCLS_REG,CL_G_C13_SCLS,StrategicSignal,Cluster,AFFECTS,REG,,MIXED,HIGH,CL_G_C13_SCLS,INTERNAL_STRUCTURED_SOURCE,2026-03-16,2026-03-16,0.62,MEDIUM,
AFF_SIG_G_C14_UTHF_GEO,SIG_G_C14_UTHF_GEO,CL_G_C14_UTHF,StrategicSignal,Cluster,AFFECTS,GEO,,MIXED,HIGH,CL_G_C14_UTHF,INTERNAL_STRUCTURED_SOURCE,2026-03-16,2026-03-16,0.62,MEDIUM,
AFF_SIG_G_C14_UTHF_DEMAND,SIG_G_C14_UTHF_DEMAND,CL_G_C14_UTHF,StrategicSignal,Cluster,AFFECTS,DEMAND,,UNCERTAIN,MEDIUM,CL_G_C14_UTHF,INTERNAL_STRUCTURED_SOURCE,2026-03-16,2026-03-16,0.62,MEDIUM,
AFF_SIG_G_C14_UTHF_TECH,SIG_G_C14_UTHF_TECH,CL_G_C14_UTHF,StrategicSignal,Cluster,AFFECTS,TECH,,UNCERTAIN,MEDIUM,CL_G_C14_UTHF,INTERNAL_STRUCTURED_SOURCE,2026-03-16,2026-03-16,0.62,MEDIUM,
AFF_SIG_G_C14_UTHF_REG,SIG_G_C14_UTHF_REG,CL_G_C14_UTHF,StrategicSignal,Cluster,AFFECTS,REG,,POSITIVE,HIGH,CL_G_C14_UTHF,INTERNAL_STRUCTURED_SOURCE,2026-03-16,2026-03-16,0.62,MEDIUM,
AFF_SIG_G_C15_REE_GEO,SIG_G_C15_REE_GEO,CL_G_C15_REE,StrategicSignal,Cluster,AFFECTS,GEO,,MIXED,HIGH,CL_G_C15_REE,MULTI_SOURCE,2025-10-09,2026-03-16,0.97,HIGH,
AFF_SIG_G_C15_REE_DEMAND,SIG_G_C15_REE_DEMAND,CL_G_C15_REE,StrategicSignal,Cluster,AFFECTS,DEMAND,,UNCERTAIN,MEDIUM,CL_G_C15_REE,INTERNAL_STRUCTURED_SOURCE,2026-03-16,2026-03-16,0.62,MEDIUM,
AFF_SIG_G_C15_REE_TECH,SIG_G_C15_REE_TECH,CL_G_C15_REE,StrategicSignal,Cluster,AFFECTS,TECH,,UNCERTAIN,MEDIUM,CL_G_C15_REE,INTERNAL_STRUCTURED_SOURCE,2026-03-16,2026-03-16,0.62,MEDIUM,
AFF_SIG_G_C15_REE_REG,SIG_G_C15_REE_REG,CL_G_C15_REE,StrategicSignal,Cluster,AFFECTS,REG,,MIXED,HIGH,CL_G_C15_REE,MULTI_SOURCE,2024-07-01,2026-03-16,0.92,HIGH,
AFF_SIG_G_C16_GAGEIN_GEO,SIG_G_C16_GAGEIN_GEO,CL_G_C16_GAGEIN,StrategicSignal,Cluster,AFFECTS,GEO,,NEGATIVE,HIGH,CL_G_C16_GAGEIN,GOV_REPORT,2023-07-03,2026-03-16,0.87,MEDIUM_HIGH,
AFF_SIG_G_C16_GAGEIN_DEMAND,SIG_G_C16_GAGEIN_DEMAND,CL_G_C16_GAGEIN,StrategicSignal,Cluster,AFFECTS,DEMAND,,UNCERTAIN,MEDIUM,CL_G_C16_GAGEIN,GOV_REPORT,2024-06-25,2026-03-16,0.9,HIGH,
AFF_SIG_G_C16_GAGEIN_TECH,SIG_G_C16_GAGEIN_TECH,CL_G_C16_GAGEIN,StrategicSignal,Cluster,AFFECTS,TECH,,UNCERTAIN,MEDIUM,CL_G_C16_GAGEIN,GOV_REPORT,2024-06-25,2026-03-16,0.9,HIGH,
AFF_SIG_G_C16_GAGEIN_REG,SIG_G_C16_GAGEIN_REG,CL_G_C16_GAGEIN,StrategicSignal,Cluster,AFFECTS,REG,,POSITIVE,HIGH,CL_G_C16_GAGEIN,MULTI_SOURCE,2025-03-19,2026-03-16,0.95,HIGH,
AFF_SIG_G_C17_LINA_GEO,SIG_G_C17_LINA_GEO,CL_G_C17_LINA,StrategicSignal,Cluster,AFFECTS,GEO,,MIXED,HIGH,CL_G_C17_LINA,INTERNAL_STRUCTURED_SOURCE,2026-03-16,2026-03-16,0.62,MEDIUM,
AFF_SIG_G_C17_LINA_DEMAND,SIG_G_C17_LINA_DEMAND,CL_G_C17_LINA,StrategicSignal,Cluster,AFFECTS,DEMAND,,UNCERTAIN,MEDIUM,CL_G_C17_LINA,INTERNAL_STRUCTURED_SOURCE,2026-03-16,2026-03-16,0.62,MEDIUM,
AFF_SIG_G_C17_LINA_TECH,SIG_G_C17_LINA_TECH,CL_G_C17_LINA,StrategicSignal,Cluster,AFFECTS,TECH,,UNCERTAIN,MEDIUM,CL_G_C17_LINA,INTERNAL_STRUCTURED_SOURCE,2026-03-16,2026-03-16,0.62,MEDIUM,
AFF_SIG_G_C17_LINA_REG,SIG_G_C17_LINA_REG,CL_G_C17_LINA,StrategicSignal,Cluster,AFFECTS,REG,,POSITIVE,HIGH,CL_G_C17_LINA,MULTI_SOURCE,2025-07-04,2026-03-16,0.94,HIGH,
AFF_SIG_G_C18_CU_GEO,SIG_G_C18_CU_GEO,CL_G_C18_CU,StrategicSignal,Cluster,AFFECTS,GEO,,MIXED,HIGH,CL_G_C18_CU,INTERNAL_STRUCTURED_SOURCE,2026-03-16,2026-03-16,0.62,MEDIUM,
AFF_SIG_G_C18_CU_DEMAND,SIG_G_C18_CU_DEMAND,CL_G_C18_CU,StrategicSignal,Cluster,AFFECTS,DEMAND,,UNCERTAIN,MEDIUM,CL_G_C18_CU,INTERNAL_STRUCTURED_SOURCE,2026-03-16,2026-03-16,0.62,MEDIUM,
AFF_SIG_G_C18_CU_TECH,SIG_G_C18_CU_TECH,CL_G_C18_CU,StrategicSignal,Cluster,AFFECTS,TECH,,UNCERTAIN,MEDIUM,CL_G_C18_CU,INTERNAL_STRUCTURED_SOURCE,2026-03-16,2026-03-16,0.62,MEDIUM,
AFF_SIG_G_C18_CU_REG,SIG_G_C18_CU_REG,CL_G_C18_CU,StrategicSignal,Cluster,AFFECTS,REG,,MIXED,HIGH,CL_G_C18_CU,INTERNAL_STRUCTURED_SOURCE,2026-03-16,2026-03-16,0.62,MEDIUM,
AFF_SIG_G_C19_NICOMN_GEO,SIG_G_C19_NICOMN_GEO,CL_G_C19_NICOMN,StrategicSignal,Cluster,AFFECTS,GEO,,NEGATIVE,HIGH,CL_G_C19_NICOMN,INTERNAL_STRUCTURED_SOURCE,2026-03-16,2026-03-16,0.62,MEDIUM,
AFF_SIG_G_C19_NICOMN_DEMAND,SIG_G_C19_NICOMN_DEMAND,CL_G_C19_NICOMN,StrategicSignal,Cluster,AFFECTS,DEMAND,,POSITIVE,MEDIUM,CL_G_C19_NICOMN,INTERNAL_STRUCTURED_SOURCE,2026-03-16,2026-03-16,0.62,MEDIUM,
AFF_SIG_G_C19_NICOMN_TECH,SIG_G_C19_NICOMN_TECH,CL_G_C19_NICOMN,StrategicSignal,Cluster,AFFECTS,TECH,,UNCERTAIN,MEDIUM,CL_G_C19_NICOMN,INTERNAL_STRUCTURED_SOURCE,2026-03-16,2026-03-16,0.62,MEDIUM,
AFF_SIG_G_C19_NICOMN_REG,SIG_G_C19_NICOMN_REG,CL_G_C19_NICOMN,StrategicSignal,Cluster,AFFECTS,REG,,MIXED,HIGH,CL_G_C19_NICOMN,GOV_REPORT,2025-07-04,2026-03-16,0.94,HIGH,
AFF_SIG_G_C20_SI_GEO,SIG_G_C20_SI_GEO,CL_G_C20_SI,StrategicSignal,Cluster,AFFECTS,GEO,,POSITIVE,HIGH,CL_G_C20_SI,GOV_REPORT,2024-06-25,2026-03-16,0.9,HIGH,
AFF_SIG_G_C20_SI_DEMAND,SIG_G_C20_SI_DEMAND,CL_G_C20_SI,StrategicSignal,Cluster,AFFECTS,DEMAND,,POSITIVE,MEDIUM,CL_G_C20_SI,INTERNAL_STRUCTURED_SOURCE,2026-03-16,2026-03-16,0.62,MEDIUM,
AFF_SIG_G_C20_SI_TECH,SIG_G_C20_SI_TECH,CL_G_C20_SI,StrategicSignal,Cluster,AFFECTS,TECH,,UNCERTAIN,MEDIUM,CL_G_C20_SI,INTERNAL_STRUCTURED_SOURCE,2026-03-16,2026-03-16,0.62,MEDIUM,
AFF_SIG_G_C20_SI_REG,SIG_G_C20_SI_REG,CL_G_C20_SI,StrategicSignal,Cluster,AFFECTS,REG,,MIXED,HIGH,CL_G_C20_SI,GOV_REPORT,2024-06-25,2026-03-16,0.9,HIGH,
AFF_SIG_O2_S_Cl_GEO,SIG_O2_S_Cl_GEO,CL_O_S_Cl,StrategicSignal,Cluster,AFFECTS,GEO,,MIXED,HIGH,CL_O_S_Cl,INTERNAL_STRUCTURED_SOURCE,2026-03-16,2026-03-16,0.62,MEDIUM,
AFF_SIG_O2_S_Cl_DEMAND,SIG_O2_S_Cl_DEMAND,CL_O_S_Cl,StrategicSignal,Cluster,AFFECTS,DEMAND,,POSITIVE,MEDIUM,CL_O_S_Cl,INTERNAL_STRUCTURED_SOURCE,2026-03-16,2026-03-16,0.62,MEDIUM,
AFF_SIG_O2_S_Cl_TECH,SIG_O2_S_Cl_TECH,CL_O_S_Cl,StrategicSignal,Cluster,AFFECTS,TECH,,UNCERTAIN,MEDIUM,CL_O_S_Cl,INTERNAL_STRUCTURED_SOURCE,2026-03-16,2026-03-16,0.62,MEDIUM,
AFF_SIG_O2_S_Cl_REG,SIG_O2_S_Cl_REG,CL_O_S_Cl,StrategicSignal,Cluster,AFFECTS,REG,,MIXED,HIGH,CL_O_S_Cl,INTERNAL_STRUCTURED_SOURCE,2026-03-16,2026-03-16,0.62,MEDIUM,
AFF_SIG_O2_U_Th_GEO,SIG_O2_U_Th_GEO,CL_O_U_Th,StrategicSignal,Cluster,AFFECTS,GEO,,MIXED,HIGH,U/Th;核燃料/核能,INTERNAL_STRUCTURED_SOURCE,2026-03-16,2026-03-16,0.62,MEDIUM,
AFF_SIG_O2_U_Th_DEMAND,SIG_O2_U_Th_DEMAND,CL_O_U_Th,StrategicSignal,Cluster,AFFECTS,DEMAND,,UNCERTAIN,MEDIUM,U/Th;核燃料/核能,INTERNAL_STRUCTURED_SOURCE,2026-03-16,2026-03-16,0.62,MEDIUM,
AFF_SIG_O2_U_Th_TECH,SIG_O2_U_Th_TECH,CL_O_U_Th,StrategicSignal,Cluster,AFFECTS,TECH,,UNCERTAIN,MEDIUM,U/Th;核燃料/核能,INTERNAL_STRUCTURED_SOURCE,2026-03-16,2026-03-16,0.62,MEDIUM,
AFF_SIG_O2_U_Th_REG,SIG_O2_U_Th_REG,CL_O_U_Th,StrategicSignal,Cluster,AFFECTS,REG,,POSITIVE,HIGH,U/Th;核燃料/核能,INTERNAL_STRUCTURED_SOURCE,2026-03-16,2026-03-16,0.62,MEDIUM,
AFF_SIG_O2_REE_GEO,SIG_O2_REE_GEO,CL_O_REE,StrategicSignal,Cluster,AFFECTS,GEO,,MIXED,HIGH,稀土;磁材;永磁电机;分离冶炼,MULTI_SOURCE,2025-10-09,2026-03-16,0.97,HIGH,
AFF_SIG_O2_REE_DEMAND,SIG_O2_REE_DEMAND,CL_O_REE,StrategicSignal,Cluster,AFFECTS,DEMAND,,UNCERTAIN,MEDIUM,稀土;磁材;永磁电机;分离冶炼,INTERNAL_STRUCTURED_SOURCE,2026-03-16,2026-03-16,0.62,MEDIUM,
AFF_SIG_O2_REE_TECH,SIG_O2_REE_TECH,CL_O_REE,StrategicSignal,Cluster,AFFECTS,TECH,,UNCERTAIN,MEDIUM,稀土;磁材;永磁电机;分离冶炼,INTERNAL_STRUCTURED_SOURCE,2026-03-16,2026-03-16,0.62,MEDIUM,
AFF_SIG_O2_REE_REG,SIG_O2_REE_REG,CL_O_REE,StrategicSignal,Cluster,AFFECTS,REG,,MIXED,HIGH,稀土;磁材;永磁电机;分离冶炼,MULTI_SOURCE,2024-07-01,2026-03-16,0.92,HIGH,
AFF_SIG_O2_Ga_Ge_In_GEO,SIG_O2_Ga_Ge_In_GEO,CL_O_Ga_Ge_In,StrategicSignal,Cluster,AFFECTS,GEO,,NEGATIVE,HIGH,Ga/Ge/In;GaN/GaAs;光电子;化合物半导体,GOV_REPORT,2023-07-03,2026-03-16,0.87,MEDIUM_HIGH,
AFF_SIG_O2_Ga_Ge_In_DEMAND,SIG_O2_Ga_Ge_In_DEMAND,CL_O_Ga_Ge_In,StrategicSignal,Cluster,AFFECTS,DEMAND,,UNCERTAIN,MEDIUM,Ga/Ge/In;GaN/GaAs;光电子;化合物半导体,GOV_REPORT,2024-06-25,2026-03-16,0.9,HIGH,
AFF_SIG_O2_Ga_Ge_In_TECH,SIG_O2_Ga_Ge_In_TECH,CL_O_Ga_Ge_In,StrategicSignal,Cluster,AFFECTS,TECH,,UNCERTAIN,MEDIUM,Ga/Ge/In;GaN/GaAs;光电子;化合物半导体,GOV_REPORT,2024-06-25,2026-03-16,0.9,HIGH,
AFF_SIG_O2_Ga_Ge_In_REG,SIG_O2_Ga_Ge_In_REG,CL_O_Ga_Ge_In,StrategicSignal,Cluster,AFFECTS,REG,,POSITIVE,HIGH,Ga/Ge/In;GaN/GaAs;光电子;化合物半导体,MULTI_SOURCE,2025-03-19,2026-03-16,0.95,HIGH,
AFF_SIG_O2_Li_Na_GEO,SIG_O2_Li_Na_GEO,CL_O_Li_Na,StrategicSignal,Cluster,AFFECTS,GEO,,MIXED,HIGH,Li/Na;电池与储能,INTERNAL_STRUCTURED_SOURCE,2026-03-16,2026-03-16,0.62,MEDIUM,
AFF_SIG_O2_Li_Na_DEMAND,SIG_O2_Li_Na_DEMAND,CL_O_Li_Na,StrategicSignal,Cluster,AFFECTS,DEMAND,,UNCERTAIN,MEDIUM,Li/Na;电池与储能,INTERNAL_STRUCTURED_SOURCE,2026-03-16,2026-03-16,0.62,MEDIUM,
AFF_SIG_O2_Li_Na_TECH,SIG_O2_Li_Na_TECH,CL_O_Li_Na,StrategicSignal,Cluster,AFFECTS,TECH,,UNCERTAIN,MEDIUM,Li/Na;电池与储能,INTERNAL_STRUCTURED_SOURCE,2026-03-16,2026-03-16,0.62,MEDIUM,
AFF_SIG_O2_Li_Na_REG,SIG_O2_Li_Na_REG,CL_O_Li_Na,StrategicSignal,Cluster,AFFECTS,REG,,POSITIVE,HIGH,Li/Na;电池与储能,MULTI_SOURCE,2025-07-04,2026-03-16,0.94,HIGH,
AFF_SIG_O2_Cu_GEO,SIG_O2_Cu_GEO,CL_O_Cu,StrategicSignal,Cluster,AFFECTS,GEO,,MIXED,HIGH,CL_O_Cu,INTERNAL_STRUCTURED_SOURCE,2026-03-16,2026-03-16,0.62,MEDIUM,
AFF_SIG_O2_Cu_DEMAND,SIG_O2_Cu_DEMAND,CL_O_Cu,StrategicSignal,Cluster,AFFECTS,DEMAND,,UNCERTAIN,MEDIUM,CL_O_Cu,INTERNAL_STRUCTURED_SOURCE,2026-03-16,2026-03-16,0.62,MEDIUM,
AFF_SIG_O2_Cu_TECH,SIG_O2_Cu_TECH,CL_O_Cu,StrategicSignal,Cluster,AFFECTS,TECH,,UNCERTAIN,MEDIUM,CL_O_Cu,INTERNAL_STRUCTURED_SOURCE,2026-03-16,2026-03-16,0.62,MEDIUM,
AFF_SIG_O2_Cu_REG,SIG_O2_Cu_REG,CL_O_Cu,StrategicSignal,Cluster,AFFECTS,REG,,MIXED,HIGH,CL_O_Cu,INTERNAL_STRUCTURED_SOURCE,2026-03-16,2026-03-16,0.62,MEDIUM,
AFF_SIG_O2_Ni_Co_Mn_GEO,SIG_O2_Ni_Co_Mn_GEO,CL_O_Ni_Co_Mn,StrategicSignal,Cluster,AFFECTS,GEO,,NEGATIVE,HIGH,Ni/Co/Mn;三元正极与合金,INTERNAL_STRUCTURED_SOURCE,2026-03-16,2026-03-16,0.62,MEDIUM,
AFF_SIG_O2_Ni_Co_Mn_DEMAND,SIG_O2_Ni_Co_Mn_DEMAND,CL_O_Ni_Co_Mn,StrategicSignal,Cluster,AFFECTS,DEMAND,,POSITIVE,MEDIUM,Ni/Co/Mn;三元正极与合金,INTERNAL_STRUCTURED_SOURCE,2026-03-16,2026-03-16,0.62,MEDIUM,
AFF_SIG_O2_Ni_Co_Mn_TECH,SIG_O2_Ni_Co_Mn_TECH,CL_O_Ni_Co_Mn,StrategicSignal,Cluster,AFFECTS,TECH,,UNCERTAIN,MEDIUM,Ni/Co/Mn;三元正极与合金,INTERNAL_STRUCTURED_SOURCE,2026-03-16,2026-03-16,0.62,MEDIUM,
AFF_SIG_O2_Ni_Co_Mn_REG,SIG_O2_Ni_Co_Mn_REG,CL_O_Ni_Co_Mn,StrategicSignal,Cluster,AFFECTS,REG,,MIXED,HIGH,Ni/Co/Mn;三元正极与合金,MULTI_SOURCE,2025-07-04,2026-03-16,0.94,HIGH,
AFF_SIG_O2_Si_GEO,SIG_O2_Si_GEO,CL_O_Si,StrategicSignal,Cluster,AFFECTS,GEO,,POSITIVE,HIGH,Si;晶圆/芯片/光伏,GOV_REPORT,2024-06-25,2026-03-16,0.9,HIGH,
AFF_SIG_O2_Si_DEMAND,SIG_O2_Si_DEMAND,CL_O_Si,StrategicSignal,Cluster,AFFECTS,DEMAND,,POSITIVE,MEDIUM,Si;晶圆/芯片/光伏,INTERNAL_STRUCTURED_SOURCE,2026-03-16,2026-03-16,0.62,MEDIUM,
AFF_SIG_O2_Si_TECH,SIG_O2_Si_TECH,CL_O_Si,StrategicSignal,Cluster,AFFECTS,TECH,,UNCERTAIN,MEDIUM,Si;晶圆/芯片/光伏,INTERNAL_STRUCTURED_SOURCE,2026-03-16,2026-03-16,0.62,MEDIUM,
AFF_SIG_O2_Si_REG,SIG_O2_Si_REG,CL_O_Si,StrategicSignal,Cluster,AFFECTS,REG,,MIXED,HIGH,Si;晶圆/芯片/光伏,GOV_REPORT,2024-06-25,2026-03-16,0.9,HIGH,
AFF_CLK_O_Fe,CLK_O_Fe,CL_O_Fe,StrategicClock,Cluster,AFFECTS,,,POSITIVE,HIGH,铁/钢;绿色钢铁;取向硅钢;风电与储能结构件,GOV_REPORT,2026-01-14,2026-03-16,0.96,HIGH,C
AFF_CLK_O_Al,CLK_O_Al,CL_O_Al,StrategicClock,Cluster,AFFECTS,,,POSITIVE,HIGH,铝;电解铝;铝箔;轻量化与光伏边框,GOV_REPORT,2026-01-14,2026-03-16,0.96,HIGH,C
AFF_CLK_O_C,CLK_O_C,CL_O_C,StrategicClock,Cluster,AFFECTS,,,MIXED,HIGH,石墨/SiC/碳纤维;负极;功率半导体;冶金焦,GOV_REPORT,2023-10-20,2026-03-16,0.86,MEDIUM_HIGH,I
AFF_CLK_O_H,CLK_O_H,CL_O_H,StrategicClock,Cluster,AFFECTS,,,MIXED,HIGH,氢;电解槽;绿氢;钢铁/化工/重卡,GOV_REPORT,2024-01-01,2026-03-16,0.84,MEDIUM_HIGH,I
AFF_CLK_O_Ti_Zr_Hf,CLK_O_Ti_Zr_Hf,CL_O_Ti_Zr_Hf,StrategicClock,Cluster,AFFECTS,,,MIXED,HIGH,Ti/Zr/Hf;航空材料;核电包壳;先进制程介质,GOV_REPORT,2025-03-19,2026-03-16,0.93,HIGH,I+T
AFF_CLK_O_Cr_Mo_W_V_Nb_Ta,CLK_O_Cr_Mo_W_V_Nb_Ta,CL_O_Cr_Mo_W_V_Nb_Ta,StrategicClock,Cluster,AFFECTS,,,MIXED,HIGH,W/Mo/V/Nb/Ta;硬质合金;液流电池;电子电容,MULTI_SOURCE,2025-03-19,2026-03-16,0.94,HIGH,I+T
AFF_CLK_O_PGM,CLK_O_PGM,CL_O_PGM,StrategicClock,Cluster,AFFECTS,,,MIXED,HIGH,Pt/Pd/Rh/Ir;电解槽;燃料电池;汽车催化,GOV_REPORT,2024-01-01,2026-03-16,0.84,MEDIUM_HIGH,I+T
AFF_CLK_O_Ag_Au,CLK_O_Ag_Au,CL_O_Ag_Au,StrategicClock,Cluster,AFFECTS,,,MIXED,MEDIUM,Ag/Au;光伏银浆;高可靠电子,INTERNAL_STRUCTURED_SOURCE,2026-03-16,2026-03-16,0.68,MEDIUM,I
AFF_CLK_O_P_F,CLK_O_P_F,CL_O_P_F,StrategicClock,Cluster,AFFECTS,,,MIXED,HIGH,P/F;LFP/PVDF/HF;电池与含氟化工,GOV_REPORT,2025-03-19,2026-03-16,0.93,HIGH,I+T
AFF_CLK_O_Zn_Sn_Pb,CLK_O_Zn_Sn_Pb,CL_O_Zn_Sn_Pb,StrategicClock,Cluster,AFFECTS,,,MIXED,HIGH,Zn/Sn/Pb;镀锌;焊料;铅酸电池,GOV_REPORT,2025-07-04,2026-03-16,0.94,HIGH,C→I
AFF_CLK_O_Mg_Ca,CLK_O_Mg_Ca,CL_O_Mg_Ca,StrategicClock,Cluster,AFFECTS,,,MIXED,MEDIUM,Mg/Ca;镁合金;汽车轻量化,INTERNAL_STRUCTURED_SOURCE,2026-03-16,2026-03-16,0.68,MEDIUM,I
AFF_CLK_O_O_N,CLK_O_O_N,CL_O_O_N,StrategicClock,Cluster,AFFECTS,,,POSITIVE,MEDIUM,氧/氮;工业气体;化工基础,INTERNAL_STRUCTURED_SOURCE,2026-03-16,2026-03-16,0.68,MEDIUM,C
AFF_CLK_G_C01_H,CLK_G_C01_H,CL_G_C01_H,StrategicClock,Cluster,AFFECTS,,,MIXED,HIGH,CL_G_C01_H,MULTI_SOURCE,2026-01-14,2026-03-16,0.96,HIGH,INVESTMENT
AFF_CLK_G_C02_C,CLK_G_C02_C,CL_G_C02_C,StrategicClock,Cluster,AFFECTS,,,MIXED,HIGH,CL_G_C02_C,GOV_REPORT,2023-10-20,2026-03-16,0.86,MEDIUM_HIGH,CIVILIZATION
AFF_CLK_G_C03_NO,CLK_G_C03_NO,CL_G_C03_NO,StrategicClock,Cluster,AFFECTS,,,MIXED,MEDIUM,CL_G_C03_NO,INTERNAL_STRUCTURED_SOURCE,2026-03-16,2026-03-16,0.68,MEDIUM,CIVILIZATION
AFF_CLK_G_C04_AL,CLK_G_C04_AL,CL_G_C04_AL,StrategicClock,Cluster,AFFECTS,,,MIXED,MEDIUM,CL_G_C04_AL,INTERNAL_STRUCTURED_SOURCE,2026-03-16,2026-03-16,0.68,MEDIUM,CIVILIZATION
AFF_CLK_G_C05_FE,CLK_G_C05_FE,CL_G_C05_FE,StrategicClock,Cluster,AFFECTS,,,MIXED,HIGH,CL_G_C05_FE,GOV_REPORT,2026-01-14,2026-03-16,0.96,HIGH,CIVILIZATION
AFF_CLK_G_C06_PF,CLK_G_C06_PF,CL_G_C06_PF,StrategicClock,Cluster,AFFECTS,,,MIXED,MEDIUM,CL_G_C06_PF,INTERNAL_STRUCTURED_SOURCE,2026-03-16,2026-03-16,0.68,MEDIUM,INVESTMENT
AFF_CLK_G_C07_TIZRHF,CLK_G_C07_TIZRHF,CL_G_C07_TIZRHF,StrategicClock,Cluster,AFFECTS,,,MIXED,MEDIUM,CL_G_C07_TIZRHF,INTERNAL_STRUCTURED_SOURCE,2026-03-16,2026-03-16,0.68,MEDIUM,INVESTMENT
AFF_CLK_G_C08_REFRACTORY,CLK_G_C08_REFRACTORY,CL_G_C08_REFRACTORY,StrategicClock,Cluster,AFFECTS,,,MIXED,MEDIUM,CL_G_C08_REFRACTORY,INTERNAL_STRUCTURED_SOURCE,2026-03-16,2026-03-16,0.68,MEDIUM,INVESTMENT
AFF_CLK_G_C09_MGCA,CLK_G_C09_MGCA,CL_G_C09_MGCA,StrategicClock,Cluster,AFFECTS,,,MIXED,MEDIUM,CL_G_C09_MGCA,INTERNAL_STRUCTURED_SOURCE,2026-03-16,2026-03-16,0.68,MEDIUM,CIVILIZATION
AFF_CLK_G_C10_AGAU,CLK_G_C10_AGAU,CL_G_C10_AGAU,StrategicClock,Cluster,AFFECTS,,,MIXED,MEDIUM,CL_G_C10_AGAU,INTERNAL_STRUCTURED_SOURCE,2026-03-16,2026-03-16,0.68,MEDIUM,INVESTMENT
AFF_CLK_G_C11_PGM,CLK_G_C11_PGM,CL_G_C11_PGM,StrategicClock,Cluster,AFFECTS,,,MIXED,HIGH,CL_G_C11_PGM,GOV_REPORT,2024-01-01,2026-03-16,0.84,MEDIUM_HIGH,INVESTMENT
AFF_CLK_G_C12_ZNSNPB,CLK_G_C12_ZNSNPB,CL_G_C12_ZNSNPB,StrategicClock,Cluster,AFFECTS,,,MIXED,MEDIUM,CL_G_C12_ZNSNPB,INTERNAL_STRUCTURED_SOURCE,2026-03-16,2026-03-16,0.68,MEDIUM,CIVILIZATION
AFF_CLK_G_C13_SCLS,CLK_G_C13_SCLS,CL_G_C13_SCLS,StrategicClock,Cluster,AFFECTS,,,MIXED,MEDIUM,CL_G_C13_SCLS,INTERNAL_STRUCTURED_SOURCE,2026-03-16,2026-03-16,0.68,MEDIUM,CIVILIZATION
AFF_CLK_G_C14_UTHF,CLK_G_C14_UTHF,CL_G_C14_UTHF,StrategicClock,Cluster,AFFECTS,,,MIXED,MEDIUM,CL_G_C14_UTHF,INTERNAL_STRUCTURED_SOURCE,2026-03-16,2026-03-16,0.68,MEDIUM,INVESTMENT
AFF_CLK_G_C15_REE,CLK_G_C15_REE,CL_G_C15_REE,StrategicClock,Cluster,AFFECTS,,,MIXED,HIGH,CL_G_C15_REE,MULTI_SOURCE,2024-07-01,2026-03-16,0.92,HIGH,TACTIC
AFF_CLK_G_C16_GAGEIN,CLK_G_C16_GAGEIN,CL_G_C16_GAGEIN,StrategicClock,Cluster,AFFECTS,,,MIXED,HIGH,CL_G_C16_GAGEIN,MULTI_SOURCE,2025-03-19,2026-03-16,0.97,HIGH,TACTIC
AFF_CLK_G_C17_LINA,CLK_G_C17_LINA,CL_G_C17_LINA,StrategicClock,Cluster,AFFECTS,,,MIXED,HIGH,CL_G_C17_LINA,MULTI_SOURCE,2025-07-04,2026-03-16,0.94,HIGH,INVESTMENT
AFF_CLK_G_C18_CU,CLK_G_C18_CU,CL_G_C18_CU,StrategicClock,Cluster,AFFECTS,,,MIXED,MEDIUM,CL_G_C18_CU,INTERNAL_STRUCTURED_SOURCE,2026-03-16,2026-03-16,0.68,MEDIUM,CIVILIZATION
AFF_CLK_G_C19_NICOMN,CLK_G_C19_NICOMN,CL_G_C19_NICOMN,StrategicClock,Cluster,AFFECTS,,,MIXED,HIGH,CL_G_C19_NICOMN,MULTI_SOURCE,2025-07-04,2026-03-16,0.94,HIGH,INVESTMENT
AFF_CLK_G_C20_SI,CLK_G_C20_SI,CL_G_C20_SI,StrategicClock,Cluster,AFFECTS,,,MIXED,HIGH,CL_G_C20_SI,GOV_REPORT,2024-06-25,2026-03-16,0.9,HIGH,CIVILIZATION
AFF_CLK_O2_S_Cl,CLK_O2_S_Cl,CL_O_S_Cl,StrategicClock,Cluster,AFFECTS,,,MIXED,MEDIUM,CL_O_S_Cl,INTERNAL_STRUCTURED_SOURCE,2026-03-16,2026-03-16,0.68,MEDIUM,CIVILIZATION
AFF_CLK_O2_U_Th,CLK_O2_U_Th,CL_O_U_Th,StrategicClock,Cluster,AFFECTS,,,MIXED,MEDIUM,U/Th;核燃料/核能,INTERNAL_STRUCTURED_SOURCE,2026-03-16,2026-03-16,0.68,MEDIUM,INVESTMENT
AFF_CLK_O2_REE,CLK_O2_REE,CL_O_REE,StrategicClock,Cluster,AFFECTS,,,MIXED,HIGH,稀土;磁材;永磁电机;分离冶炼,MULTI_SOURCE,2024-07-01,2026-03-16,0.92,HIGH,TACTIC
AFF_CLK_O2_Ga_Ge_In,CLK_O2_Ga_Ge_In,CL_O_Ga_Ge_In,StrategicClock,Cluster,AFFECTS,,,MIXED,HIGH,Ga/Ge/In;GaN/GaAs;光电子;化合物半导体,MULTI_SOURCE,2025-03-19,2026-03-16,0.97,HIGH,TACTIC
AFF_CLK_O2_Li_Na,CLK_O2_Li_Na,CL_O_Li_Na,StrategicClock,Cluster,AFFECTS,,,MIXED,HIGH,Li/Na;电池与储能,MULTI_SOURCE,2025-07-04,2026-03-16,0.94,HIGH,INVESTMENT
AFF_CLK_O2_Cu,CLK_O2_Cu,CL_O_Cu,StrategicClock,Cluster,AFFECTS,,,MIXED,MEDIUM,CL_O_Cu,INTERNAL_STRUCTURED_SOURCE,2026-03-16,2026-03-16,0.68,MEDIUM,CIVILIZATION
AFF_CLK_O2_Ni_Co_Mn,CLK_O2_Ni_Co_Mn,CL_O_Ni_Co_Mn,StrategicClock,Cluster,AFFECTS,,,MIXED,HIGH,Ni/Co/Mn;三元正极与合金,MULTI_SOURCE,2025-07-04,2026-03-16,0.94,HIGH,INVESTMENT
AFF_CLK_O2_Si,CLK_O2_Si,CL_O_Si,StrategicClock,Cluster,AFFECTS,,,MIXED,HIGH,Si;晶圆/芯片/光伏,GOV_REPORT,2024-06-25,2026-03-16,0.9,HIGH,CIVILIZATION
