signal_id,source_origin,cluster_key,signal_type,signal_strength,signal_desc,source_ref_id,external_source_url,evidence_type,evidence_detail,evidence_date,last_reviewed,confidence_score,confidence_band,freshness_penalty,impact_direction,time_sensitivity_level,impacted_scope,label
SIG_O_Fe_1,ONTOLOGY,CL_O_Fe,TECH,M,氢还原炼钢TRL 6-7，HYBRIT（瑞典）已试产；DRI+EAF路线加速,SRC_001,,INTERNAL_STRUCTURED_SOURCE,Internal ONTOLOGY knowledge package; no external link attached in V2.5-B,2026-03-16,2026-03-16,0.62,MEDIUM,0.0,UNCERTAIN,MEDIUM,铁/钢;绿色钢铁;取向硅钢;风电与储能结构件,StrategicSignal
SIG_O_Fe_2,ONTOLOGY,CL_O_Fe,REG,S,EU碳边境调节税（CBAM）2026年全面生效，高碳钢铁面临成本压力,SRC_EXT_001,https://taxation-customs.ec.europa.eu/carbon-border-adjustment-mechanism_en,GOV_REPORT,European Commission::European Commission CBAM official page,2026-01-14,2026-03-16,0.96,HIGH,0.0,NEGATIVE,HIGH,铁/钢;绿色钢铁;取向硅钢;风电与储能结构件,StrategicSignal
SIG_O_Fe_3,ONTOLOGY,CL_O_Fe,DEMAND,M,新能源基础设施（风电塔架/储能外壳）带来取向硅钢需求增长,SRC_001,,INTERNAL_STRUCTURED_SOURCE,Internal ONTOLOGY knowledge package; no external link attached in V2.5-B,2026-03-16,2026-03-16,0.62,MEDIUM,0.0,POSITIVE,MEDIUM,铁/钢;绿色钢铁;取向硅钢;风电与储能结构件,StrategicSignal
SIG_O_Al_1,ONTOLOGY,CL_O_Al,DEMAND,S,EV动力电池铝箔需求：每GWh约800吨，全球年装机量1000+GWh→年需求80万吨+,SRC_001,,INTERNAL_STRUCTURED_SOURCE,Internal ONTOLOGY knowledge package; no external link attached in V2.5-B,2026-03-16,2026-03-16,0.62,MEDIUM,0.0,UNCERTAIN,MEDIUM,铝;电解铝;铝箔;轻量化与光伏边框,StrategicSignal
SIG_O_Al_2,ONTOLOGY,CL_O_Al,REG,M,CBAM对高能耗铝产品的碳税压力；绿铝溢价形成,SRC_EXT_001,https://taxation-customs.ec.europa.eu/carbon-border-adjustment-mechanism_en,GOV_REPORT,European Commission::European Commission CBAM official page,2026-01-14,2026-03-16,0.96,HIGH,0.0,MIXED,HIGH,铝;电解铝;铝箔;轻量化与光伏边框,StrategicSignal
SIG_O_Al_3,ONTOLOGY,CL_O_Al,GEO,W,中国电解铝对俄罗斯/澳大利亚铝土矿依赖，地缘摩擦风险低但存在,SRC_001,,INTERNAL_STRUCTURED_SOURCE,Internal ONTOLOGY knowledge package; no external link attached in V2.5-B,2026-03-16,2026-03-16,0.62,MEDIUM,0.0,NEGATIVE,HIGH,铝;电解铝;铝箔;轻量化与光伏边框,StrategicSignal
SIG_O_C_1,ONTOLOGY,CL_O_C,DEMAND,S,EV 800V平台普及推动SiC需求2024-2028年CAGR >30%,SRC_001,,INTERNAL_STRUCTURED_SOURCE,Internal ONTOLOGY knowledge package; no external link attached in V2.5-B,2026-03-16,2026-03-16,0.65,MEDIUM,0.0,UNCERTAIN,MEDIUM,石墨/SiC/碳纤维;负极;功率半导体;冶金焦,StrategicSignal
SIG_O_C_2,ONTOLOGY,CL_O_C,TECH,M,Si负极（Si@C）TRL提升加速，石墨负极市场份额面临结构性压力（5-10年),SRC_001,,INTERNAL_STRUCTURED_SOURCE,Internal ONTOLOGY knowledge package; no external link attached in V2.5-B,2026-03-16,2026-03-16,0.62,MEDIUM,0.0,UNCERTAIN,MEDIUM,石墨/SiC/碳纤维;负极;功率半导体;冶金焦,StrategicSignal
SIG_O_C_3,ONTOLOGY,CL_O_C,REG,M,中国天然石墨加入关键矿物出口管制范围讨论中,SRC_EXT_003|SRC_EXT_010,https://exportcontrol.mofcom.gov.cn/article/zcfg/gnzcfg/zcfggzqd/202310/912.html | https://www.energy.gov/cmm/what-are-critical-minerals-and-materials,MULTI_SOURCE,Ministry of Commerce of the PRC::MOFCOM graphite export control announcement ; U.S. Department of Energy::DOE critical materials list page,2025-03-19,2026-03-16,0.96,HIGH,0.0,NEGATIVE,HIGH,石墨/SiC/碳纤维;负极;功率半导体;冶金焦,StrategicSignal
SIG_O_C_4,ONTOLOGY,CL_O_C,TECH,S,氢还原炼钢TRL 6-7，加速冶金焦炭需求长期下行,SRC_001,,INTERNAL_STRUCTURED_SOURCE,Internal ONTOLOGY knowledge package; no external link attached in V2.5-B,2026-03-16,2026-03-16,0.62,MEDIUM,0.0,NEGATIVE,MEDIUM,石墨/SiC/碳纤维;负极;功率半导体;冶金焦,StrategicSignal
SIG_O_H_1,ONTOLOGY,CL_O_H,DEMAND,S,欧盟绿氢战略目标：2030年国内产1000万t+进口1000万t；对绿钢认证体系建立,SRC_001,,INTERNAL_STRUCTURED_SOURCE,Internal ONTOLOGY knowledge package; no external link attached in V2.5-B,2026-03-16,2026-03-16,0.62,MEDIUM,0.0,UNCERTAIN,MEDIUM,氢;电解槽;绿氢;钢铁/化工/重卡,StrategicSignal
SIG_O_H_2,ONTOLOGY,CL_O_H,TECH,S,PEM电解槽成本从2020年1400$/kW→2024年约600$/kW，曲线清晰,SRC_001,,INTERNAL_STRUCTURED_SOURCE,Internal ONTOLOGY knowledge package; no external link attached in V2.5-B,2026-03-16,2026-03-16,0.65,MEDIUM,0.0,UNCERTAIN,MEDIUM,氢;电解槽;绿氢;钢铁/化工/重卡,StrategicSignal
SIG_O_H_3,ONTOLOGY,CL_O_H,REG,S,CBAM对高碳钢铁碳税；美国IRA对绿氢生产税收抵免3$/kg,SRC_EXT_001|SRC_EXT_006,https://taxation-customs.ec.europa.eu/carbon-border-adjustment-mechanism_en | https://www.energy.gov/articles/clean-hydrogen-production-tax-credit-45v-resources,MULTI_SOURCE,European Commission::European Commission CBAM official page ; U.S. Department of Energy::DOE Clean Hydrogen Production Tax Credit (45V) Resources,2026-01-14,2026-03-16,0.96,HIGH,0.0,POSITIVE,HIGH,氢;电解槽;绿氢;钢铁/化工/重卡,StrategicSignal
SIG_O_H_4,ONTOLOGY,CL_O_H,GEO,M,中东/北非/澳大利亚绿氢出口战略；中国氢能汽车政策补贴,SRC_EXT_006,https://www.energy.gov/articles/clean-hydrogen-production-tax-credit-45v-resources,GOV_REPORT,U.S. Department of Energy::DOE Clean Hydrogen Production Tax Credit (45V) Resources,2024-01-01,2026-03-16,0.84,MEDIUM_HIGH,0.1,POSITIVE,HIGH,氢;电解槽;绿氢;钢铁/化工/重卡,StrategicSignal
SIG_O_Ti_Zr_Hf_1,ONTOLOGY,CL_O_Ti_Zr_Hf,GEO,S,Hf来源高度集中（Framatome法国+Wah Chang美国），DoD已启动供应链审查,SRC_001,,INTERNAL_STRUCTURED_SOURCE,Internal ONTOLOGY knowledge package; no external link attached in V2.5-B,2026-03-16,2026-03-16,0.62,MEDIUM,0.0,MIXED,HIGH,Ti/Zr/Hf;航空材料;核电包壳;先进制程介质,StrategicSignal
SIG_O_Ti_Zr_Hf_2,ONTOLOGY,CL_O_Ti_Zr_Hf,DEMAND,S,2nm以下节点对HfO₂用量增加（每层厚度增加）；Intel/台积电扩产驱动,SRC_001,,INTERNAL_STRUCTURED_SOURCE,Internal ONTOLOGY knowledge package; no external link attached in V2.5-B,2026-03-16,2026-03-16,0.62,MEDIUM,0.0,POSITIVE,MEDIUM,Ti/Zr/Hf;航空材料;核电包壳;先进制程介质,StrategicSignal
SIG_O_Ti_Zr_Hf_3,ONTOLOGY,CL_O_Ti_Zr_Hf,TECH,M,铁电HfO₂（FeFET存储器）是新兴应用，进一步增加Hf需求,SRC_001,,INTERNAL_STRUCTURED_SOURCE,Internal ONTOLOGY knowledge package; no external link attached in V2.5-B,2026-03-16,2026-03-16,0.62,MEDIUM,0.0,UNCERTAIN,MEDIUM,Ti/Zr/Hf;航空材料;核电包壳;先进制程介质,StrategicSignal
SIG_O_Ti_Zr_Hf_4,ONTOLOGY,CL_O_Ti_Zr_Hf,DEMAND,M,SMR（小型模块化反应堆）核复兴驱动Zr核级材料需求增长,SRC_001,,INTERNAL_STRUCTURED_SOURCE,Internal ONTOLOGY knowledge package; no external link attached in V2.5-B,2026-03-16,2026-03-16,0.62,MEDIUM,0.0,POSITIVE,MEDIUM,Ti/Zr/Hf;航空材料;核电包壳;先进制程介质,StrategicSignal
SIG_O_Cr_Mo_W_V_Nb_Ta_1,ONTOLOGY,CL_O_Cr_Mo_W_V_Nb_Ta,GEO,S,美国将W/Mo/V列入关键矿物；中国W出口管制,SRC_EXT_010,https://www.energy.gov/cmm/what-are-critical-minerals-and-materials,GOV_REPORT,U.S. Department of Energy::DOE critical materials list page,2025-03-19,2026-03-16,0.93,HIGH,0.0,NEGATIVE,HIGH,W/Mo/V/Nb/Ta;硬质合金;液流电池;电子电容,StrategicSignal
SIG_O_Cr_Mo_W_V_Nb_Ta_2,ONTOLOGY,CL_O_Cr_Mo_W_V_Nb_Ta,DEMAND,S,V液流电池CAGR 50%+；Nb用于EV高强钢减重需求增长,SRC_001,,INTERNAL_STRUCTURED_SOURCE,Internal ONTOLOGY knowledge package; no external link attached in V2.5-B,2026-03-16,2026-03-16,0.62,MEDIUM,0.0,POSITIVE,MEDIUM,W/Mo/V/Nb/Ta;硬质合金;液流电池;电子电容,StrategicSignal
SIG_O_Cr_Mo_W_V_Nb_Ta_3,ONTOLOGY,CL_O_Cr_Mo_W_V_Nb_Ta,DEMAND,M,Ta：5G/AI芯片推动MLCC+钽电容需求增长,SRC_001,,INTERNAL_STRUCTURED_SOURCE,Internal ONTOLOGY knowledge package; no external link attached in V2.5-B,2026-03-16,2026-03-16,0.62,MEDIUM,0.0,POSITIVE,MEDIUM,W/Mo/V/Nb/Ta;硬质合金;液流电池;电子电容,StrategicSignal
SIG_O_Cr_Mo_W_V_Nb_Ta_4,ONTOLOGY,CL_O_Cr_Mo_W_V_Nb_Ta,REG,M,Dodd-Frank对刚果金Ta溯源要求，推动非DRC供应链建设,SRC_001,,INTERNAL_STRUCTURED_SOURCE,Internal ONTOLOGY knowledge package; no external link attached in V2.5-B,2026-03-16,2026-03-16,0.62,MEDIUM,0.0,MIXED,HIGH,W/Mo/V/Nb/Ta;硬质合金;液流电池;电子电容,StrategicSignal
SIG_O_PGM_1,ONTOLOGY,CL_O_PGM,DEMAND,S,绿氢政策（EU/US/JP/CN）推动PEM电解槽需求：2030年可能需要500-1000t Ir/年（vs 当前7t产量）,SRC_001,,INTERNAL_STRUCTURED_SOURCE,Internal ONTOLOGY knowledge package; no external link attached in V2.5-B,2026-03-16,2026-03-16,0.62,MEDIUM,0.0,UNCERTAIN,MEDIUM,Pt/Pd/Rh/Ir;电解槽;燃料电池;汽车催化,StrategicSignal
SIG_O_PGM_2,ONTOLOGY,CL_O_PGM,GEO,S,南非电力危机（阶段性停电）影响铂族矿山生产；南非政治风险,SRC_001,,INTERNAL_STRUCTURED_SOURCE,Internal ONTOLOGY knowledge package; no external link attached in V2.5-B,2026-03-16,2026-03-16,0.62,MEDIUM,0.0,NEGATIVE,HIGH,Pt/Pd/Rh/Ir;电解槽;燃料电池;汽车催化,StrategicSignal
SIG_O_PGM_3,ONTOLOGY,CL_O_PGM,TECH,M,低Ir OER催化剂研发（Ir载量从2mg/cm²→0.2mg/cm²），扩展供应,SRC_001,,INTERNAL_STRUCTURED_SOURCE,Internal ONTOLOGY knowledge package; no external link attached in V2.5-B,2026-03-16,2026-03-16,0.62,MEDIUM,0.0,UNCERTAIN,MEDIUM,Pt/Pd/Rh/Ir;电解槽;燃料电池;汽车催化,StrategicSignal
SIG_O_PGM_4,ONTOLOGY,CL_O_PGM,DEMAND,M,汽车电动化减少Pd/Rh需求（5-10年时间窗口），影响铂族矿山整体经济性,SRC_001,,INTERNAL_STRUCTURED_SOURCE,Internal ONTOLOGY knowledge package; no external link attached in V2.5-B,2026-03-16,2026-03-16,0.62,MEDIUM,0.0,UNCERTAIN,MEDIUM,Pt/Pd/Rh/Ir;电解槽;燃料电池;汽车催化,StrategicSignal
SIG_O_Ag_Au_1,ONTOLOGY,CL_O_Ag_Au,DEMAND,S,光伏装机600+GW/年→Ag年需求3500+吨，但铜浆技术压制价格上限,SRC_EXT_010,https://www.energy.gov/cmm/what-are-critical-minerals-and-materials,GOV_REPORT,U.S. Department of Energy::DOE critical materials list page,2025-03-19,2026-03-16,0.93,HIGH,0.0,UNCERTAIN,MEDIUM,Ag/Au;光伏银浆;高可靠电子,StrategicSignal
SIG_O_Ag_Au_2,ONTOLOGY,CL_O_Ag_Au,TECH,S,铜浆TRL从5→7（2022-2024），2027年量产预期明确；Ag单耗从100mg/片→70mg趋势,SRC_001,,INTERNAL_STRUCTURED_SOURCE,Internal ONTOLOGY knowledge package; no external link attached in V2.5-B,2026-03-16,2026-03-16,0.65,MEDIUM,0.0,UNCERTAIN,MEDIUM,Ag/Au;光伏银浆;高可靠电子,StrategicSignal
SIG_O_Ag_Au_3,ONTOLOGY,CL_O_Ag_Au,DEMAND,M,AI数据中心和EVse对精密连接器Ag需求增长,SRC_001,,INTERNAL_STRUCTURED_SOURCE,Internal ONTOLOGY knowledge package; no external link attached in V2.5-B,2026-03-16,2026-03-16,0.62,MEDIUM,0.0,POSITIVE,MEDIUM,Ag/Au;光伏银浆;高可靠电子,StrategicSignal
SIG_O_P_F_1,ONTOLOGY,CL_O_P_F,GEO,S,中国2024年将萤石纳入出口管制；直接影响全球HF/PVDF供应链,SRC_001,,INTERNAL_STRUCTURED_SOURCE,Internal ONTOLOGY knowledge package; no external link attached in V2.5-B,2026-03-16,2026-03-16,0.65,MEDIUM,0.0,NEGATIVE,HIGH,P/F;LFP/PVDF/HF;电池与含氟化工,StrategicSignal
SIG_O_P_F_2,ONTOLOGY,CL_O_P_F,REG,S,欧盟拟2026-2030年分阶段限制PFAS（超过10000种含F物质），影响PTFE密封/半导体气体,SRC_001,,INTERNAL_STRUCTURED_SOURCE,Internal ONTOLOGY knowledge package; no external link attached in V2.5-B,2026-03-16,2026-03-16,0.65,MEDIUM,0.0,NEGATIVE,HIGH,P/F;LFP/PVDF/HF;电池与含氟化工,StrategicSignal
SIG_O_P_F_3,ONTOLOGY,CL_O_P_F,DEMAND,S,LFP电池增长驱动LiPF₆和PVDF需求：每GWh需约50吨LiPF₆+约100吨PVDF,SRC_001,,INTERNAL_STRUCTURED_SOURCE,Internal ONTOLOGY knowledge package; no external link attached in V2.5-B,2026-03-16,2026-03-16,0.62,MEDIUM,0.0,POSITIVE,MEDIUM,P/F;LFP/PVDF/HF;电池与含氟化工,StrategicSignal
SIG_O_P_F_4,ONTOLOGY,CL_O_P_F,TECH,M,水性粘结剂（CMC/SBR）替代PVDF TRL 6-7，预计2026-2028年在主流电芯量产,SRC_001,,INTERNAL_STRUCTURED_SOURCE,Internal ONTOLOGY knowledge package; no external link attached in V2.5-B,2026-03-16,2026-03-16,0.65,MEDIUM,0.0,UNCERTAIN,MEDIUM,P/F;LFP/PVDF/HF;电池与含氟化工,StrategicSignal
SIG_O_Zn_Sn_Pb_1,ONTOLOGY,CL_O_Zn_Sn_Pb,DEMAND,M,EV和电子制造增长推动Sn焊料需求CAGR 5%+；AI服务器PCB焊料用量大,SRC_001,,INTERNAL_STRUCTURED_SOURCE,Internal ONTOLOGY knowledge package; no external link attached in V2.5-B,2026-03-16,2026-03-16,0.62,MEDIUM,0.0,POSITIVE,MEDIUM,Zn/Sn/Pb;镀锌;焊料;铅酸电池,StrategicSignal
SIG_O_Zn_Sn_Pb_2,ONTOLOGY,CL_O_Zn_Sn_Pb,GEO,M,缅甸Man Maw锡矿（全球最大单一矿山，10%全球产量）政治不稳定风险,SRC_001,,INTERNAL_STRUCTURED_SOURCE,Internal ONTOLOGY knowledge package; no external link attached in V2.5-B,2026-03-16,2026-03-16,0.62,MEDIUM,0.0,NEGATIVE,HIGH,Zn/Sn/Pb;镀锌;焊料;铅酸电池,StrategicSignal
SIG_O_Zn_Sn_Pb_3,ONTOLOGY,CL_O_Zn_Sn_Pb,REG,S,中国和欧盟推进铅酸电池向锂电迁移政策；铅Pb长期需求面临结构性下行,SRC_001,,INTERNAL_STRUCTURED_SOURCE,Internal ONTOLOGY knowledge package; no external link attached in V2.5-B,2026-03-16,2026-03-16,0.62,MEDIUM,0.0,NEGATIVE,HIGH,Zn/Sn/Pb;镀锌;焊料;铅酸电池,StrategicSignal
SIG_O_Zn_Sn_Pb_4,ONTOLOGY,CL_O_Zn_Sn_Pb,TECH,M,Pb替代：汽车起停系统48V化（锂电替代铅酸）正在快速推进,SRC_001,,INTERNAL_STRUCTURED_SOURCE,Internal ONTOLOGY knowledge package; no external link attached in V2.5-B,2026-03-16,2026-03-16,0.62,MEDIUM,0.0,UNCERTAIN,MEDIUM,Zn/Sn/Pb;镀锌;焊料;铅酸电池,StrategicSignal
SIG_O_Mg_Ca_1,ONTOLOGY,CL_O_Mg_Ca,GEO,S,2021年中国能源危机导致Mg价格暴涨4倍，欧洲汽车业停产威胁——地缘风险已现实化,SRC_001,,INTERNAL_STRUCTURED_SOURCE,Internal ONTOLOGY knowledge package; no external link attached in V2.5-B,2026-03-16,2026-03-16,0.62,MEDIUM,0.0,NEGATIVE,HIGH,Mg/Ca;镁合金;汽车轻量化,StrategicSignal
SIG_O_Mg_Ca_2,ONTOLOGY,CL_O_Mg_Ca,DEMAND,M,EV轻量化需求增长（续航焦虑→车身减重→Mg合金替代Al）,SRC_001,,INTERNAL_STRUCTURED_SOURCE,Internal ONTOLOGY knowledge package; no external link attached in V2.5-B,2026-03-16,2026-03-16,0.62,MEDIUM,0.0,POSITIVE,MEDIUM,Mg/Ca;镁合金;汽车轻量化,StrategicSignal
SIG_O_Mg_Ca_3,ONTOLOGY,CL_O_Mg_Ca,REG,M,美国/欧洲正在建设本土Mg生产能力（战略意义显著）,SRC_001,,INTERNAL_STRUCTURED_SOURCE,Internal ONTOLOGY knowledge package; no external link attached in V2.5-B,2026-03-16,2026-03-16,0.62,MEDIUM,0.0,MIXED,HIGH,Mg/Ca;镁合金;汽车轻量化,StrategicSignal
SIG_O_O_N_1,ONTOLOGY,CL_O_O_N,DEMAND,M,半导体扩产（台积电/英特尔/三星先进制程）带动超纯气体需求增长,SRC_001,,INTERNAL_STRUCTURED_SOURCE,Internal ONTOLOGY knowledge package; no external link attached in V2.5-B,2026-03-16,2026-03-16,0.62,MEDIUM,0.0,POSITIVE,MEDIUM,氧/氮;工业气体;化工基础,StrategicSignal
SIG_O_O_N_2,ONTOLOGY,CL_O_O_N,DEMAND,M,GaN器件高速增长，但N₂供应无约束；需关注Ga而非N,SRC_EXT_008,https://www.nist.gov/chips/proposed-funding-sites,GOV_REPORT,U.S. Department of Commerce / NIST::NIST CHIPS proposed funding sites for GaN/GaAs,2024-06-25,2026-03-16,0.9,HIGH,0.05,POSITIVE,MEDIUM,氧/氮;工业气体;化工基础,StrategicSignal
SIG_G_C01_H_GEO,GRAPH,CL_G_C01_H,GEO,,△中等：中东/澳大利亚/智利绿氢出口竞争；欧洲进口依赖政策,SRC_002,,INTERNAL_STRUCTURED_SOURCE,Internal GRAPH knowledge package; no external link attached in V2.5-B,2026-03-16,2026-03-16,0.62,MEDIUM,0.0,NEGATIVE,HIGH,CL_G_C01_H,StrategicSignal
SIG_G_C01_H_DEMAND,GRAPH,CL_G_C01_H,DEMAND,,✓强：钢铁脱碳（DRI-H₂）+化肥绿氨转型+重卡氢燃料电池,SRC_002,,INTERNAL_STRUCTURED_SOURCE,Internal GRAPH knowledge package; no external link attached in V2.5-B,2026-03-16,2026-03-16,0.62,MEDIUM,0.0,UNCERTAIN,MEDIUM,CL_G_C01_H,StrategicSignal
SIG_G_C01_H_TECH,GRAPH,CL_G_C01_H,TECH,,✓强：PEM电解槽成本从2020年1000美元/kW→2024年500美元/kW，趋势清晰,SRC_002,,INTERNAL_STRUCTURED_SOURCE,Internal GRAPH knowledge package; no external link attached in V2.5-B,2026-03-16,2026-03-16,0.65,MEDIUM,0.0,UNCERTAIN,MEDIUM,CL_G_C01_H,StrategicSignal
SIG_G_C01_H_REG,GRAPH,CL_G_C01_H,REG,,✓强：EU CBAM碳税 + 美国IRA清洁氢补贴（3美元/kg抵税额）,SRC_EXT_001|SRC_EXT_006,https://taxation-customs.ec.europa.eu/carbon-border-adjustment-mechanism_en | https://www.energy.gov/articles/clean-hydrogen-production-tax-credit-45v-resources,MULTI_SOURCE,European Commission::European Commission CBAM official page ; U.S. Department of Energy::DOE Clean Hydrogen Production Tax Credit (45V) Resources,2026-01-14,2026-03-16,0.96,HIGH,0.0,POSITIVE,HIGH,CL_G_C01_H,StrategicSignal
SIG_G_C02_C_GEO,GRAPH,CL_G_C02_C,GEO,,△中等：中国控制天然石墨产量60%+，已对石墨出口实施管制（2023年）,SRC_EXT_003,https://exportcontrol.mofcom.gov.cn/article/zcfg/gnzcfg/zcfggzqd/202310/912.html,GOV_REPORT,Ministry of Commerce of the PRC::MOFCOM graphite export control announcement,2023-10-20,2026-03-16,0.86,MEDIUM_HIGH,0.1,MIXED,HIGH,CL_G_C02_C,StrategicSignal
SIG_G_C02_C_DEMAND,GRAPH,CL_G_C02_C,DEMAND,,✓中：Si负极渗透率提升（5%→20%+）会降低石墨单位用量但总量增长；碳纤维需求增长10%/年,SRC_002,,INTERNAL_STRUCTURED_SOURCE,Internal GRAPH knowledge package; no external link attached in V2.5-B,2026-03-16,2026-03-16,0.62,MEDIUM,0.0,POSITIVE,MEDIUM,CL_G_C02_C,StrategicSignal
SIG_G_C02_C_TECH,GRAPH,CL_G_C02_C,TECH,,✓中：Si@C复合负极TRL达到8，正在大规模量产导入中,SRC_002,,INTERNAL_STRUCTURED_SOURCE,Internal GRAPH knowledge package; no external link attached in V2.5-B,2026-03-16,2026-03-16,0.62,MEDIUM,0.0,UNCERTAIN,MEDIUM,CL_G_C02_C,StrategicSignal
SIG_G_C02_C_REG,GRAPH,CL_G_C02_C,REG,,✓中：中国天然石墨列入出口管制清单（2023.12）,SRC_EXT_003,https://exportcontrol.mofcom.gov.cn/article/zcfg/gnzcfg/zcfggzqd/202310/912.html,GOV_REPORT,Ministry of Commerce of the PRC::MOFCOM graphite export control announcement,2023-10-20,2026-03-16,0.86,MEDIUM_HIGH,0.1,NEGATIVE,HIGH,CL_G_C02_C,StrategicSignal
SIG_G_C03_NO_GEO,GRAPH,CL_G_C03_NO,GEO,,✓存在：GaN外延设备（MOCVD）被Aixtron/Veeco垄断；中国依赖进口,SRC_EXT_008,https://www.nist.gov/chips/proposed-funding-sites,GOV_REPORT,U.S. Department of Commerce / NIST::NIST CHIPS proposed funding sites for GaN/GaAs,2024-06-25,2026-03-16,0.9,HIGH,0.05,NEGATIVE,HIGH,CL_G_C03_NO,StrategicSignal
SIG_G_C03_NO_DEMAND,GRAPH,CL_G_C03_NO,DEMAND,,✓强：GaN快充市场2022-2027年CAGR~30%；5G基站全球部署峰值,SRC_EXT_008,https://www.nist.gov/chips/proposed-funding-sites,GOV_REPORT,U.S. Department of Commerce / NIST::NIST CHIPS proposed funding sites for GaN/GaAs,2024-06-25,2026-03-16,0.9,HIGH,0.05,UNCERTAIN,MEDIUM,CL_G_C03_NO,StrategicSignal
SIG_G_C03_NO_TECH,GRAPH,CL_G_C03_NO,TECH,,✓中：GaN on Si替代GaN on SiC在消费市场已基本完成（降成本）,SRC_EXT_008,https://www.nist.gov/chips/proposed-funding-sites,GOV_REPORT,U.S. Department of Commerce / NIST::NIST CHIPS proposed funding sites for GaN/GaAs,2024-06-25,2026-03-16,0.9,HIGH,0.05,UNCERTAIN,MEDIUM,CL_G_C03_NO,StrategicSignal
SIG_G_C03_NO_REG,GRAPH,CL_G_C03_NO,REG,,△：ITAR对GaN军用器件出口管制,SRC_EXT_002|SRC_EXT_008,https://www.mofcom.gov.cn/zcfb/dwmygl/art/2023/art_52b9a321087f402bb3d310d18b07967e.html | https://www.nist.gov/chips/proposed-funding-sites,MULTI_SOURCE,Ministry of Commerce of the PRC::MOFCOM announcement on gallium and germanium export controls ; U.S. Department of Commerce / NIST::NIST CHIPS proposed funding sites for GaN/GaAs,2024-06-25,2026-03-16,0.92,HIGH,0.05,NEGATIVE,HIGH,CL_G_C03_NO,StrategicSignal
SIG_G_C04_AL_GEO,GRAPH,CL_G_C04_AL,GEO,,"△弱：中国铝产能占全球60%+，已受""双碳""政策限制扩产；几内亚铝土矿政治风险",SRC_002,,INTERNAL_STRUCTURED_SOURCE,Internal GRAPH knowledge package; no external link attached in V2.5-B,2026-03-16,2026-03-16,0.62,MEDIUM,0.0,MIXED,HIGH,CL_G_C04_AL,StrategicSignal
SIG_G_C04_AL_DEMAND,GRAPH,CL_G_C04_AL,DEMAND,,✓强：光伏边框（年增100万吨+）；EV轻量化（每辆增量铝约100-150kg）,SRC_002,,INTERNAL_STRUCTURED_SOURCE,Internal GRAPH knowledge package; no external link attached in V2.5-B,2026-03-16,2026-03-16,0.62,MEDIUM,0.0,UNCERTAIN,MEDIUM,CL_G_C04_AL,StrategicSignal
SIG_G_C04_AL_TECH,GRAPH,CL_G_C04_AL,TECH,,△：绿铝（水电/光伏制铝）溢价扩大；惰性电极铝电解（无碳阳极）TRL6-7,SRC_002,,INTERNAL_STRUCTURED_SOURCE,Internal GRAPH knowledge package; no external link attached in V2.5-B,2026-03-16,2026-03-16,0.62,MEDIUM,0.0,UNCERTAIN,MEDIUM,CL_G_C04_AL,StrategicSignal
SIG_G_C04_AL_REG,GRAPH,CL_G_C04_AL,REG,,✓中：欧盟CBAM对碳密集铝材加税；国内电解铝能效标准提升,SRC_EXT_001,https://taxation-customs.ec.europa.eu/carbon-border-adjustment-mechanism_en,GOV_REPORT,European Commission::European Commission CBAM official page,2026-01-14,2026-03-16,0.96,HIGH,0.0,NEGATIVE,HIGH,CL_G_C04_AL,StrategicSignal
SIG_G_C05_FE_GEO,GRAPH,CL_G_C05_FE,GEO,,△弱：俄乌战争影响原料煤供应；澳大利亚/巴西铁矿石集中但无战略管制,SRC_002,,INTERNAL_STRUCTURED_SOURCE,Internal GRAPH knowledge package; no external link attached in V2.5-B,2026-03-16,2026-03-16,0.62,MEDIUM,0.0,MIXED,HIGH,CL_G_C05_FE,StrategicSignal
SIG_G_C05_FE_DEMAND,GRAPH,CL_G_C05_FE,DEMAND,,✓中：绿色建钢需求（Scope 3减排要求推动）；LFP需求爆发推动电池级FeSO₄,SRC_002,,INTERNAL_STRUCTURED_SOURCE,Internal GRAPH knowledge package; no external link attached in V2.5-B,2026-03-16,2026-03-16,0.62,MEDIUM,0.0,UNCERTAIN,MEDIUM,CL_G_C05_FE,StrategicSignal
SIG_G_C05_FE_TECH,GRAPH,CL_G_C05_FE,TECH,,✓中：HYBRIT（H₂ Green Steel）示范工厂2023年投产；TRL从6→7,SRC_002,,INTERNAL_STRUCTURED_SOURCE,Internal GRAPH knowledge package; no external link attached in V2.5-B,2026-03-16,2026-03-16,0.65,MEDIUM,0.0,POSITIVE,MEDIUM,CL_G_C05_FE,StrategicSignal
SIG_G_C05_FE_REG,GRAPH,CL_G_C05_FE,REG,,✓强：EU CBAM碳边境税（2026年全面征收）使高碳钢竞争劣势显著化,SRC_EXT_001,https://taxation-customs.ec.europa.eu/carbon-border-adjustment-mechanism_en,GOV_REPORT,European Commission::European Commission CBAM official page,2026-01-14,2026-03-16,0.96,HIGH,0.0,MIXED,HIGH,CL_G_C05_FE,StrategicSignal
SIG_G_C06_PF_GEO,GRAPH,CL_G_C06_PF,GEO,,✓中：摩洛哥占全球磷矿储量75%+；磷酸铁前驱体中国产量占全球80%+,SRC_002,,INTERNAL_STRUCTURED_SOURCE,Internal GRAPH knowledge package; no external link attached in V2.5-B,2026-03-16,2026-03-16,0.62,MEDIUM,0.0,MIXED,HIGH,CL_G_C06_PF,StrategicSignal
SIG_G_C06_PF_DEMAND,GRAPH,CL_G_C06_PF,DEMAND,,✓强：LFP扩产推动磷酸铁（FePO₄）需求2023-2027年CAGR>30%；含氟PVDF需求同步增长,SRC_002,,INTERNAL_STRUCTURED_SOURCE,Internal GRAPH knowledge package; no external link attached in V2.5-B,2026-03-16,2026-03-16,0.65,MEDIUM,0.0,POSITIVE,MEDIUM,CL_G_C06_PF,StrategicSignal
SIG_G_C06_PF_TECH,GRAPH,CL_G_C06_PF,TECH,,✓中：LiFSI替代LiPF₆趋势（5%→25%市场份额，2027）；PFAS替代材料研发中,SRC_002,,INTERNAL_STRUCTURED_SOURCE,Internal GRAPH knowledge package; no external link attached in V2.5-B,2026-03-16,2026-03-16,0.62,MEDIUM,0.0,UNCERTAIN,MEDIUM,CL_G_C06_PF,StrategicSignal
SIG_G_C06_PF_REG,GRAPH,CL_G_C06_PF,REG,,✓强：EU PFAS通用限制法规（2025草案）；半导体含氟刻蚀气体替代研究,SRC_002,,INTERNAL_STRUCTURED_SOURCE,Internal GRAPH knowledge package; no external link attached in V2.5-B,2026-03-16,2026-03-16,0.65,MEDIUM,0.0,NEGATIVE,HIGH,CL_G_C06_PF,StrategicSignal
SIG_G_C07_TIZRHF_GEO,GRAPH,CL_G_C07_TIZRHF,GEO,,✓强(Hf)：Hf与Zr伴生，提纯需要去Hf；中国锆英石产量约占全球30%；澳大利亚是最大来源,SRC_002,,INTERNAL_STRUCTURED_SOURCE,Internal GRAPH knowledge package; no external link attached in V2.5-B,2026-03-16,2026-03-16,0.62,MEDIUM,0.0,MIXED,HIGH,CL_G_C07_TIZRHF,StrategicSignal
SIG_G_C07_TIZRHF_DEMAND,GRAPH,CL_G_C07_TIZRHF,DEMAND,,✓强(Ti)：波音/空客订单积压导致Ti锻件需求强劲；核电SMR新一轮部署拉动Zr,SRC_002,,INTERNAL_STRUCTURED_SOURCE,Internal GRAPH knowledge package; no external link attached in V2.5-B,2026-03-16,2026-03-16,0.62,MEDIUM,0.0,POSITIVE,MEDIUM,CL_G_C07_TIZRHF,StrategicSignal
SIG_G_C07_TIZRHF_TECH,GRAPH,CL_G_C07_TIZRHF,TECH,,✓强(Hf)：2nm以下制程Hf用量增加（CFET等新架构）；Ti增材制造（3D打印）渗透航空,SRC_002,,INTERNAL_STRUCTURED_SOURCE,Internal GRAPH knowledge package; no external link attached in V2.5-B,2026-03-16,2026-03-16,0.62,MEDIUM,0.0,UNCERTAIN,MEDIUM,CL_G_C07_TIZRHF,StrategicSignal
SIG_G_C07_TIZRHF_REG,GRAPH,CL_G_C07_TIZRHF,REG,,△(Zr)：核电重启监管窗口（各国延长核电运营许可）,SRC_002,,INTERNAL_STRUCTURED_SOURCE,Internal GRAPH knowledge package; no external link attached in V2.5-B,2026-03-16,2026-03-16,0.62,MEDIUM,0.0,POSITIVE,HIGH,CL_G_C07_TIZRHF,StrategicSignal
SIG_G_C08_REFRACTORY_GEO,GRAPH,CL_G_C08_REFRACTORY,GEO,,✓强(W)：2023年中国实施W/Mo等金属出口管制；✓中(Ta)：刚果金政治风险持续,SRC_EXT_010,https://www.energy.gov/cmm/what-are-critical-minerals-and-materials,GOV_REPORT,U.S. Department of Energy::DOE critical materials list page,2025-03-19,2026-03-16,0.93,HIGH,0.0,NEGATIVE,HIGH,CL_G_C08_REFRACTORY,StrategicSignal
SIG_G_C08_REFRACTORY_DEMAND,GRAPH,CL_G_C08_REFRACTORY,DEMAND,,✓强：商业航空复苏拉动叶片需求；钒液流电池储能2023-2028年CAGR>25%,SRC_002,,INTERNAL_STRUCTURED_SOURCE,Internal GRAPH knowledge package; no external link attached in V2.5-B,2026-03-16,2026-03-16,0.65,MEDIUM,0.0,POSITIVE,MEDIUM,CL_G_C08_REFRACTORY,StrategicSignal
SIG_G_C08_REFRACTORY_TECH,GRAPH,CL_G_C08_REFRACTORY,TECH,,✓中：SiC/SiC CMC材料在航发热端件逐步替代镍基合金（长期替代信号）,SRC_002,,INTERNAL_STRUCTURED_SOURCE,Internal GRAPH knowledge package; no external link attached in V2.5-B,2026-03-16,2026-03-16,0.62,MEDIUM,0.0,UNCERTAIN,MEDIUM,CL_G_C08_REFRACTORY,StrategicSignal
SIG_G_C08_REFRACTORY_REG,GRAPH,CL_G_C08_REFRACTORY,REG,,✓强：美国《国防生产法》采购Nb/Ta；EU关键原材料法案列入高优先级,SRC_EXT_012,https://eur-lex.europa.eu/EN/legal-content/summary/a-secure-and-sustainable-supply-of-critical-raw-materials.html,GOV_REPORT,EUR-Lex / European Union::EU Critical Raw Materials Act summary,2024-05-23,2026-03-16,0.89,MEDIUM_HIGH,0.05,MIXED,HIGH,CL_G_C08_REFRACTORY,StrategicSignal
SIG_G_C09_MGCA_GEO,GRAPH,CL_G_C09_MGCA,GEO,,△：中国原镁产量占全球85%，已对稀缺工业品出口进行管控,SRC_002,,INTERNAL_STRUCTURED_SOURCE,Internal GRAPH knowledge package; no external link attached in V2.5-B,2026-03-16,2026-03-16,0.62,MEDIUM,0.0,MIXED,HIGH,CL_G_C09_MGCA,StrategicSignal
SIG_G_C09_MGCA_DEMAND,GRAPH,CL_G_C09_MGCA,DEMAND,,△弱：汽车轻量化推动Mg压铸件需求温和增长；新能源汽车热管理系统Mg合金渗透,SRC_002,,INTERNAL_STRUCTURED_SOURCE,Internal GRAPH knowledge package; no external link attached in V2.5-B,2026-03-16,2026-03-16,0.62,MEDIUM,0.0,POSITIVE,MEDIUM,CL_G_C09_MGCA,StrategicSignal
SIG_G_C09_MGCA_TECH,GRAPH,CL_G_C09_MGCA,TECH,,△：Mg合金温成形技术进步（解决成形性）；Mg-RE稀土镁合金高性能化,SRC_002,,INTERNAL_STRUCTURED_SOURCE,Internal GRAPH knowledge package; no external link attached in V2.5-B,2026-03-16,2026-03-16,0.62,MEDIUM,0.0,UNCERTAIN,MEDIUM,CL_G_C09_MGCA,StrategicSignal
SIG_G_C09_MGCA_REG,GRAPH,CL_G_C09_MGCA,REG,,无明显监管约束,SRC_002,,INTERNAL_STRUCTURED_SOURCE,Internal GRAPH knowledge package; no external link attached in V2.5-B,2026-03-16,2026-03-16,0.62,MEDIUM,0.0,MIXED,HIGH,CL_G_C09_MGCA,StrategicSignal
SIG_G_C10_AGAU_GEO,GRAPH,CL_G_C10_AGAU,GEO,,△弱：Ag伴生矿分散，无单一主导国；Au受地缘冲突驱动的金融属性波动,SRC_002,,INTERNAL_STRUCTURED_SOURCE,Internal GRAPH knowledge package; no external link attached in V2.5-B,2026-03-16,2026-03-16,0.62,MEDIUM,0.0,MIXED,HIGH,CL_G_C10_AGAU,StrategicSignal
SIG_G_C10_AGAU_DEMAND,GRAPH,CL_G_C10_AGAU,DEMAND,,✓强(Ag)：光伏装机爆发2023-2030年消耗增长；5G基站焊接用Sn/Ag焊料增长,SRC_002,,INTERNAL_STRUCTURED_SOURCE,Internal GRAPH knowledge package; no external link attached in V2.5-B,2026-03-16,2026-03-16,0.65,MEDIUM,0.0,POSITIVE,MEDIUM,CL_G_C10_AGAU,StrategicSignal
SIG_G_C10_AGAU_TECH,GRAPH,CL_G_C10_AGAU,TECH,,✓强：铜电极HJT TRL提升（TRL7-8）；低银/无银导电浆料研发（TRL4-5）,SRC_002,,INTERNAL_STRUCTURED_SOURCE,Internal GRAPH knowledge package; no external link attached in V2.5-B,2026-03-16,2026-03-16,0.62,MEDIUM,0.0,UNCERTAIN,MEDIUM,CL_G_C10_AGAU,StrategicSignal
SIG_G_C10_AGAU_REG,GRAPH,CL_G_C10_AGAU,REG,,△：Ag无主要监管约束,SRC_002,,INTERNAL_STRUCTURED_SOURCE,Internal GRAPH knowledge package; no external link attached in V2.5-B,2026-03-16,2026-03-16,0.62,MEDIUM,0.0,MIXED,HIGH,CL_G_C10_AGAU,StrategicSignal
SIG_G_C11_PGM_GEO,GRAPH,CL_G_C11_PGM,GEO,,✓强：南非/俄罗斯集中（俄乌战争中断过Pd供应）；无短期替代矿山,SRC_002,,INTERNAL_STRUCTURED_SOURCE,Internal GRAPH knowledge package; no external link attached in V2.5-B,2026-03-16,2026-03-16,0.62,MEDIUM,0.0,MIXED,HIGH,CL_G_C11_PGM,StrategicSignal
SIG_G_C11_PGM_DEMAND,GRAPH,CL_G_C11_PGM,DEMAND,,✓强(Ir/Ru)：绿氢电解槽爆发；✗弱(Pd/Rh)：EV渗透削减汽车催化需求,SRC_002,,INTERNAL_STRUCTURED_SOURCE,Internal GRAPH knowledge package; no external link attached in V2.5-B,2026-03-16,2026-03-16,0.62,MEDIUM,0.0,UNCERTAIN,MEDIUM,CL_G_C11_PGM,StrategicSignal
SIG_G_C11_PGM_TECH,GRAPH,CL_G_C11_PGM,TECH,,✓强：超低Ir载量（0.1mg/cm²目标）研发；非贵金属ORR催化剂TRL4-5,SRC_002,,INTERNAL_STRUCTURED_SOURCE,Internal GRAPH knowledge package; no external link attached in V2.5-B,2026-03-16,2026-03-16,0.62,MEDIUM,0.0,UNCERTAIN,MEDIUM,CL_G_C11_PGM,StrategicSignal
SIG_G_C11_PGM_REG,GRAPH,CL_G_C11_PGM,REG,,✓中：绿氢补贴政策（EU、IRA）拉动电解槽需求,SRC_EXT_006,https://www.energy.gov/articles/clean-hydrogen-production-tax-credit-45v-resources,GOV_REPORT,U.S. Department of Energy::DOE Clean Hydrogen Production Tax Credit (45V) Resources,2024-01-01,2026-03-16,0.84,MEDIUM_HIGH,0.1,POSITIVE,HIGH,CL_G_C11_PGM,StrategicSignal
SIG_G_C12_ZNSNPB_GEO,GRAPH,CL_G_C12_ZNSNPB,GEO,,△弱：三者资源分散，无单一主导；Sn主产国玻利维亚/中国/印尼，无战略稀缺,SRC_002,,INTERNAL_STRUCTURED_SOURCE,Internal GRAPH knowledge package; no external link attached in V2.5-B,2026-03-16,2026-03-16,0.62,MEDIUM,0.0,MIXED,HIGH,CL_G_C12_ZNSNPB,StrategicSignal
SIG_G_C12_ZNSNPB_DEMAND,GRAPH,CL_G_C12_ZNSNPB,DEMAND,,△弱整体增长；Sn焊料随PCB/SMT增长稳定；Zn液流电池是新增量（TRL7-8）,SRC_002,,INTERNAL_STRUCTURED_SOURCE,Internal GRAPH knowledge package; no external link attached in V2.5-B,2026-03-16,2026-03-16,0.62,MEDIUM,0.0,POSITIVE,MEDIUM,CL_G_C12_ZNSNPB,StrategicSignal
SIG_G_C12_ZNSNPB_TECH,GRAPH,CL_G_C12_ZNSNPB,TECH,,✓中：Zn离子电池TRL7-8（水系，安全性高，成本低）；无铅焊料持续迭代,SRC_002,,INTERNAL_STRUCTURED_SOURCE,Internal GRAPH knowledge package; no external link attached in V2.5-B,2026-03-16,2026-03-16,0.62,MEDIUM,0.0,UNCERTAIN,MEDIUM,CL_G_C12_ZNSNPB,StrategicSignal
SIG_G_C12_ZNSNPB_REG,GRAPH,CL_G_C12_ZNSNPB,REG,,✓中：RoHS/REACH持续收紧含Pb应用；工业部门Pb封口阶段性允许豁免,SRC_002,,INTERNAL_STRUCTURED_SOURCE,Internal GRAPH knowledge package; no external link attached in V2.5-B,2026-03-16,2026-03-16,0.62,MEDIUM,0.0,MIXED,HIGH,CL_G_C12_ZNSNPB,StrategicSignal
SIG_G_C13_SCLS_GEO,GRAPH,CL_G_C13_SCLS,GEO,,△弱：硫磺主要来自石化脱硫（碳中和后产量下降是长期趋势，硫磺可能转为紧缺）,SRC_002,,INTERNAL_STRUCTURED_SOURCE,Internal GRAPH knowledge package; no external link attached in V2.5-B,2026-03-16,2026-03-16,0.62,MEDIUM,0.0,MIXED,HIGH,CL_G_C13_SCLS,StrategicSignal
SIG_G_C13_SCLS_DEMAND,GRAPH,CL_G_C13_SCLS,DEMAND,,△：基础化工需求稳定增长；Li-S电池研发投入增加（TRL4-5）,SRC_002,,INTERNAL_STRUCTURED_SOURCE,Internal GRAPH knowledge package; no external link attached in V2.5-B,2026-03-16,2026-03-16,0.62,MEDIUM,0.0,POSITIVE,MEDIUM,CL_G_C13_SCLS,StrategicSignal
SIG_G_C13_SCLS_TECH,GRAPH,CL_G_C13_SCLS,TECH,,△中：固态Li-S电池（TRL3-4）；多硫化物抑制技术（包覆/固态电解质）研究前沿,SRC_002,,INTERNAL_STRUCTURED_SOURCE,Internal GRAPH knowledge package; no external link attached in V2.5-B,2026-03-16,2026-03-16,0.62,MEDIUM,0.0,UNCERTAIN,MEDIUM,CL_G_C13_SCLS,StrategicSignal
SIG_G_C13_SCLS_REG,GRAPH,CL_G_C13_SCLS,REG,,✓中：PFAS类含氟化合物监管收紧，促进部分含S替代材料,SRC_002,,INTERNAL_STRUCTURED_SOURCE,Internal GRAPH knowledge package; no external link attached in V2.5-B,2026-03-16,2026-03-16,0.62,MEDIUM,0.0,MIXED,HIGH,CL_G_C13_SCLS,StrategicSignal
SIG_G_C14_UTHF_GEO,GRAPH,CL_G_C14_UTHF,GEO,,✓强：哈萨克斯坦/俄罗斯控制全球铀精矿供应~55%；俄乌战争后西方加速寻找替代供应,SRC_002,,INTERNAL_STRUCTURED_SOURCE,Internal GRAPH knowledge package; no external link attached in V2.5-B,2026-03-16,2026-03-16,0.62,MEDIUM,0.0,MIXED,HIGH,CL_G_C14_UTHF,StrategicSignal
SIG_G_C14_UTHF_DEMAND,GRAPH,CL_G_C14_UTHF,DEMAND,,✓强：AI数据中心清洁电力需求；小堆（SMR）部署提速；核电延寿政策扩大,SRC_002,,INTERNAL_STRUCTURED_SOURCE,Internal GRAPH knowledge package; no external link attached in V2.5-B,2026-03-16,2026-03-16,0.62,MEDIUM,0.0,UNCERTAIN,MEDIUM,CL_G_C14_UTHF,StrategicSignal
SIG_G_C14_UTHF_TECH,GRAPH,CL_G_C14_UTHF,TECH,,✓中：SMR设计（NuScale/TerraPower/SMR China）TRL5-7，2030年代前量产,SRC_002,,INTERNAL_STRUCTURED_SOURCE,Internal GRAPH knowledge package; no external link attached in V2.5-B,2026-03-16,2026-03-16,0.62,MEDIUM,0.0,UNCERTAIN,MEDIUM,CL_G_C14_UTHF,StrategicSignal
SIG_G_C14_UTHF_REG,GRAPH,CL_G_C14_UTHF,REG,,"✓强：多国重启核电（日本/比利时/荷兰/波兰）；美国""核能部署加速法案""",SRC_002,,INTERNAL_STRUCTURED_SOURCE,Internal GRAPH knowledge package; no external link attached in V2.5-B,2026-03-16,2026-03-16,0.62,MEDIUM,0.0,POSITIVE,HIGH,CL_G_C14_UTHF,StrategicSignal
SIG_G_C15_REE_GEO,GRAPH,CL_G_C15_REE,GEO,,✓极强：中国出口管制（2023）；DoD资助1.2亿美元Lynas德州分离厂,SRC_EXT_005|SRC_EXT_009,https://www.mofcom.gov.cn/zwgk/zcfb/art/2025/art_6cb42957741440c6984de696b70df9ae.html | https://www.defense.gov/News/News-Stories/Article/Article/3700059/dod-looks-to-establish-mine-to-magnet-supply-chain-for-rare-earth-materials/,MULTI_SOURCE,Ministry of Commerce of the PRC::MOFCOM rare earth technology export control announcement ; U.S. Department of Defense::DoD mine-to-magnet and Lynas award,2025-10-09,2026-03-16,0.97,HIGH,0.0,MIXED,HIGH,CL_G_C15_REE,StrategicSignal
SIG_G_C15_REE_DEMAND,GRAPH,CL_G_C15_REE,DEMAND,,✓强：直驱风电（每MW 600kg Nd）；EV驱动电机（每辆2-3kg Nd）；机器人关节电机,SRC_002,,INTERNAL_STRUCTURED_SOURCE,Internal GRAPH knowledge package; no external link attached in V2.5-B,2026-03-16,2026-03-16,0.62,MEDIUM,0.0,UNCERTAIN,MEDIUM,CL_G_C15_REE,StrategicSignal
SIG_G_C15_REE_TECH,GRAPH,CL_G_C15_REE,TECH,,✓中：晶界扩散技术降Dy用量15-25%；FeN无稀土磁体TRL3-4（10年+）,SRC_002,,INTERNAL_STRUCTURED_SOURCE,Internal GRAPH knowledge package; no external link attached in V2.5-B,2026-03-16,2026-03-16,0.62,MEDIUM,0.0,UNCERTAIN,MEDIUM,CL_G_C15_REE,StrategicSignal
SIG_G_C15_REE_REG,GRAPH,CL_G_C15_REE,REG,,✓强：中国采矿配额控制；南方离子矿环保督察；EU关键原材料法案,SRC_EXT_004|SRC_EXT_012,https://www.mee.gov.cn/zcwj/gwywj/202407/t20240701_1080564.shtml | https://eur-lex.europa.eu/EN/legal-content/summary/a-secure-and-sustainable-supply-of-critical-raw-materials.html,MULTI_SOURCE,State Council of the PRC / China Government::Rare Earth Management Regulations of China ; EUR-Lex / European Union::EU Critical Raw Materials Act summary,2024-07-01,2026-03-16,0.92,HIGH,0.05,MIXED,HIGH,CL_G_C15_REE,StrategicSignal
SIG_G_C16_GAGEIN_GEO,GRAPH,CL_G_C16_GAGEIN,GEO,,✓极强：中国2023年8月实施出口管制；美/EU/日本紧急建设替代供应链,SRC_EXT_002,https://www.mofcom.gov.cn/zcfb/dwmygl/art/2023/art_52b9a321087f402bb3d310d18b07967e.html,GOV_REPORT,Ministry of Commerce of the PRC::MOFCOM announcement on gallium and germanium export controls,2023-07-03,2026-03-16,0.87,MEDIUM_HIGH,0.1,NEGATIVE,HIGH,CL_G_C16_GAGEIN,StrategicSignal
SIG_G_C16_GAGEIN_DEMAND,GRAPH,CL_G_C16_GAGEIN,DEMAND,,✓强：5G全球扩张；GaN快充普及（消费市场）；InP 800G光模块（AI算力）,SRC_EXT_008,https://www.nist.gov/chips/proposed-funding-sites,GOV_REPORT,U.S. Department of Commerce / NIST::NIST CHIPS proposed funding sites for GaN/GaAs,2024-06-25,2026-03-16,0.9,HIGH,0.05,UNCERTAIN,MEDIUM,CL_G_C16_GAGEIN,StrategicSignal
SIG_G_C16_GAGEIN_TECH,GRAPH,CL_G_C16_GAGEIN,TECH,,✓中：GaN on Si替代GaN on SiC（消费市场完成）；AZO替代ITO（柔性屏渗透）,SRC_EXT_008,https://www.nist.gov/chips/proposed-funding-sites,GOV_REPORT,U.S. Department of Commerce / NIST::NIST CHIPS proposed funding sites for GaN/GaAs,2024-06-25,2026-03-16,0.9,HIGH,0.05,UNCERTAIN,MEDIUM,CL_G_C16_GAGEIN,StrategicSignal
SIG_G_C16_GAGEIN_REG,GRAPH,CL_G_C16_GAGEIN,REG,,"✓强：CHIPS法案资助GaN/GaAs国内产能；Ga/Ge明确列入""关键矿产""清单",SRC_EXT_008|SRC_EXT_010,https://www.nist.gov/chips/proposed-funding-sites | https://www.energy.gov/cmm/what-are-critical-minerals-and-materials,MULTI_SOURCE,U.S. Department of Commerce / NIST::NIST CHIPS proposed funding sites for GaN/GaAs ; U.S. Department of Energy::DOE critical materials list page,2025-03-19,2026-03-16,0.95,HIGH,0.0,POSITIVE,HIGH,CL_G_C16_GAGEIN,StrategicSignal
SIG_G_C17_LINA_GEO,GRAPH,CL_G_C17_LINA,GEO,,✓中：中国控制60%+加工；智利/阿根廷锂资源国有化趋势；澳洲硬岩矿相对稳定,SRC_002,,INTERNAL_STRUCTURED_SOURCE,Internal GRAPH knowledge package; no external link attached in V2.5-B,2026-03-16,2026-03-16,0.62,MEDIUM,0.0,MIXED,HIGH,CL_G_C17_LINA,StrategicSignal
SIG_G_C17_LINA_DEMAND,GRAPH,CL_G_C17_LINA,DEMAND,,✓中：固态电池量产路线图清晰（丰田2027-2028，宁德2027）；Na电分流低端,SRC_002,,INTERNAL_STRUCTURED_SOURCE,Internal GRAPH knowledge package; no external link attached in V2.5-B,2026-03-16,2026-03-16,0.62,MEDIUM,0.0,UNCERTAIN,MEDIUM,CL_G_C17_LINA,StrategicSignal
SIG_G_C17_LINA_TECH,GRAPH,CL_G_C17_LINA,TECH,,✓强：固态电解质材料TRL快速提升；Li金属负极枝晶抑制技术进步显著,SRC_002,,INTERNAL_STRUCTURED_SOURCE,Internal GRAPH knowledge package; no external link attached in V2.5-B,2026-03-16,2026-03-16,0.62,MEDIUM,0.0,UNCERTAIN,MEDIUM,CL_G_C17_LINA,StrategicSignal
SIG_G_C17_LINA_REG,GRAPH,CL_G_C17_LINA,REG,,✓中：EU电池法要求再生Li含量（2031年≥4%）；IRA对非中国来源Li补贴,SRC_EXT_006|SRC_EXT_007|SRC_EXT_011,https://www.energy.gov/articles/clean-hydrogen-production-tax-credit-45v-resources | https://eur-lex.europa.eu/EN/legal-content/summary/sustainability-rules-for-batteries-and-waste-batteries.html | https://www.energy.gov/articles/doe-releases-final-interpretive-guidance-definition-foreign-entity-concern,MULTI_SOURCE,U.S. Department of Energy::DOE Clean Hydrogen Production Tax Credit (45V) Resources ; EUR-Lex / European Union::EU Batteries Regulation summary ; U.S. Department of Energy::DOE FEOC interpretive guidance,2025-07-04,2026-03-16,0.94,HIGH,0.0,POSITIVE,HIGH,CL_G_C17_LINA,StrategicSignal
SIG_G_C18_CU_GEO,GRAPH,CL_G_C18_CU,GEO,,△弱：智利矿山罢工周期性扰动供应（非结构性）,SRC_002,,INTERNAL_STRUCTURED_SOURCE,Internal GRAPH knowledge package; no external link attached in V2.5-B,2026-03-16,2026-03-16,0.62,MEDIUM,0.0,MIXED,HIGH,CL_G_C18_CU,StrategicSignal
SIG_G_C18_CU_DEMAND,GRAPH,CL_G_C18_CU,DEMAND,,✓强：AI数据中心铜需求超预期；海上风电每MW 8-10吨Cu；EV每辆增量23kg,SRC_002,,INTERNAL_STRUCTURED_SOURCE,Internal GRAPH knowledge package; no external link attached in V2.5-B,2026-03-16,2026-03-16,0.62,MEDIUM,0.0,UNCERTAIN,MEDIUM,CL_G_C18_CU,StrategicSignal
SIG_G_C18_CU_TECH,GRAPH,CL_G_C18_CU,TECH,,✗弱：无实质性替代技术进入规模应用,SRC_002,,INTERNAL_STRUCTURED_SOURCE,Internal GRAPH knowledge package; no external link attached in V2.5-B,2026-03-16,2026-03-16,0.62,MEDIUM,0.0,UNCERTAIN,MEDIUM,CL_G_C18_CU,StrategicSignal
SIG_G_C18_CU_REG,GRAPH,CL_G_C18_CU,REG,,△弱：矿山环保要求提高（有利于铜价，不影响供应结构）,SRC_002,,INTERNAL_STRUCTURED_SOURCE,Internal GRAPH knowledge package; no external link attached in V2.5-B,2026-03-16,2026-03-16,0.62,MEDIUM,0.0,MIXED,HIGH,CL_G_C18_CU,StrategicSignal
SIG_G_C19_NICOMN_GEO,GRAPH,CL_G_C19_NICOMN,GEO,,✓强(Co)：刚果金政治风险+童工ESG问题；印尼Ni出口政策变化（已禁原矿出口）,SRC_002,,INTERNAL_STRUCTURED_SOURCE,Internal GRAPH knowledge package; no external link attached in V2.5-B,2026-03-16,2026-03-16,0.62,MEDIUM,0.0,NEGATIVE,HIGH,CL_G_C19_NICOMN,StrategicSignal
SIG_G_C19_NICOMN_DEMAND,GRAPH,CL_G_C19_NICOMN,DEMAND,,✓强(Ni)：高镍NMC渗透率提升；LMFP量产导入拉动Mn需求,SRC_002,,INTERNAL_STRUCTURED_SOURCE,Internal GRAPH knowledge package; no external link attached in V2.5-B,2026-03-16,2026-03-16,0.62,MEDIUM,0.0,POSITIVE,MEDIUM,CL_G_C19_NICOMN,StrategicSignal
SIG_G_C19_NICOMN_TECH,GRAPH,CL_G_C19_NICOMN,TECH,,✓强(Co)：无钴电池（LFP/LMFP）成熟化；固态电池可进一步降低Co用量,SRC_002,,INTERNAL_STRUCTURED_SOURCE,Internal GRAPH knowledge package; no external link attached in V2.5-B,2026-03-16,2026-03-16,0.62,MEDIUM,0.0,UNCERTAIN,MEDIUM,CL_G_C19_NICOMN,StrategicSignal
SIG_G_C19_NICOMN_REG,GRAPH,CL_G_C19_NICOMN,REG,,✓中：欧盟《电池法》对Co供应链溯源要求；OECD矿物供应链尽职调查指导方针,SRC_EXT_007,https://eur-lex.europa.eu/EN/legal-content/summary/sustainability-rules-for-batteries-and-waste-batteries.html,GOV_REPORT,EUR-Lex / European Union::EU Batteries Regulation summary,2025-07-04,2026-03-16,0.94,HIGH,0.0,MIXED,HIGH,CL_G_C19_NICOMN,StrategicSignal
SIG_G_C20_SI_GEO,GRAPH,CL_G_C20_SI,GEO,,✓强：中国多晶硅列入美国关键矿产清单；CHIPS法对中国先进制程扩产设限（EUV禁运）,SRC_EXT_008,https://www.nist.gov/chips/proposed-funding-sites,GOV_REPORT,U.S. Department of Commerce / NIST::NIST CHIPS proposed funding sites for GaN/GaAs,2024-06-25,2026-03-16,0.9,HIGH,0.05,POSITIVE,HIGH,CL_G_C20_SI,StrategicSignal
SIG_G_C20_SI_DEMAND,GRAPH,CL_G_C20_SI,DEMAND,,✓中：AI芯片推动先进制程晶圆需求增长30%/年；光伏装机600GW+/年；Si负极渗透,SRC_002,,INTERNAL_STRUCTURED_SOURCE,Internal GRAPH knowledge package; no external link attached in V2.5-B,2026-03-16,2026-03-16,0.62,MEDIUM,0.0,POSITIVE,MEDIUM,CL_G_C20_SI,StrategicSignal
SIG_G_C20_SI_TECH,GRAPH,CL_G_C20_SI,TECH,,✓中：Si光子集成（AI芯片互连带宽）；TOPCon/HJT效率持续突破；Si@C负极量产化,SRC_002,,INTERNAL_STRUCTURED_SOURCE,Internal GRAPH knowledge package; no external link attached in V2.5-B,2026-03-16,2026-03-16,0.62,MEDIUM,0.0,UNCERTAIN,MEDIUM,CL_G_C20_SI,StrategicSignal
SIG_G_C20_SI_REG,GRAPH,CL_G_C20_SI,REG,,✓强：EUV光刻机出口管制（ASML）；CHIPS法国内晶圆厂补贴,SRC_EXT_008,https://www.nist.gov/chips/proposed-funding-sites,GOV_REPORT,U.S. Department of Commerce / NIST::NIST CHIPS proposed funding sites for GaN/GaAs,2024-06-25,2026-03-16,0.9,HIGH,0.05,MIXED,HIGH,CL_G_C20_SI,StrategicSignal
SIG_O2_S_Cl_GEO,ONTOLOGY_SUPPLEMENT,CL_O_S_Cl,GEO,,△弱：硫磺主要来自石化脱硫（碳中和后产量下降是长期趋势，硫磺可能转为紧缺）,SRC_002,,INTERNAL_STRUCTURED_SOURCE,Internal ONTOLOGY_SUPPLEMENT knowledge package; no external link attached in V2.5-B,2026-03-16,2026-03-16,0.62,MEDIUM,0.0,MIXED,HIGH,CL_O_S_Cl,StrategicSignal
SIG_O2_S_Cl_DEMAND,ONTOLOGY_SUPPLEMENT,CL_O_S_Cl,DEMAND,,△：基础化工需求稳定增长；Li-S电池研发投入增加（TRL4-5）,SRC_002,,INTERNAL_STRUCTURED_SOURCE,Internal ONTOLOGY_SUPPLEMENT knowledge package; no external link attached in V2.5-B,2026-03-16,2026-03-16,0.62,MEDIUM,0.0,POSITIVE,MEDIUM,CL_O_S_Cl,StrategicSignal
SIG_O2_S_Cl_TECH,ONTOLOGY_SUPPLEMENT,CL_O_S_Cl,TECH,,△中：固态Li-S电池（TRL3-4）；多硫化物抑制技术（包覆/固态电解质）研究前沿,SRC_002,,INTERNAL_STRUCTURED_SOURCE,Internal ONTOLOGY_SUPPLEMENT knowledge package; no external link attached in V2.5-B,2026-03-16,2026-03-16,0.62,MEDIUM,0.0,UNCERTAIN,MEDIUM,CL_O_S_Cl,StrategicSignal
SIG_O2_S_Cl_REG,ONTOLOGY_SUPPLEMENT,CL_O_S_Cl,REG,,✓中：PFAS类含氟化合物监管收紧，促进部分含S替代材料,SRC_002,,INTERNAL_STRUCTURED_SOURCE,Internal ONTOLOGY_SUPPLEMENT knowledge package; no external link attached in V2.5-B,2026-03-16,2026-03-16,0.62,MEDIUM,0.0,MIXED,HIGH,CL_O_S_Cl,StrategicSignal
SIG_O2_U_Th_GEO,ONTOLOGY_SUPPLEMENT,CL_O_U_Th,GEO,,✓强：哈萨克斯坦/俄罗斯控制全球铀精矿供应~55%；俄乌战争后西方加速寻找替代供应,SRC_002,,INTERNAL_STRUCTURED_SOURCE,Internal ONTOLOGY_SUPPLEMENT knowledge package; no external link attached in V2.5-B,2026-03-16,2026-03-16,0.62,MEDIUM,0.0,MIXED,HIGH,U/Th;核燃料/核能,StrategicSignal
SIG_O2_U_Th_DEMAND,ONTOLOGY_SUPPLEMENT,CL_O_U_Th,DEMAND,,✓强：AI数据中心清洁电力需求；小堆（SMR）部署提速；核电延寿政策扩大,SRC_002,,INTERNAL_STRUCTURED_SOURCE,Internal ONTOLOGY_SUPPLEMENT knowledge package; no external link attached in V2.5-B,2026-03-16,2026-03-16,0.62,MEDIUM,0.0,UNCERTAIN,MEDIUM,U/Th;核燃料/核能,StrategicSignal
SIG_O2_U_Th_TECH,ONTOLOGY_SUPPLEMENT,CL_O_U_Th,TECH,,✓中：SMR设计（NuScale/TerraPower/SMR China）TRL5-7，2030年代前量产,SRC_002,,INTERNAL_STRUCTURED_SOURCE,Internal ONTOLOGY_SUPPLEMENT knowledge package; no external link attached in V2.5-B,2026-03-16,2026-03-16,0.62,MEDIUM,0.0,UNCERTAIN,MEDIUM,U/Th;核燃料/核能,StrategicSignal
SIG_O2_U_Th_REG,ONTOLOGY_SUPPLEMENT,CL_O_U_Th,REG,,"✓强：多国重启核电（日本/比利时/荷兰/波兰）；美国""核能部署加速法案""",SRC_002,,INTERNAL_STRUCTURED_SOURCE,Internal ONTOLOGY_SUPPLEMENT knowledge package; no external link attached in V2.5-B,2026-03-16,2026-03-16,0.62,MEDIUM,0.0,POSITIVE,HIGH,U/Th;核燃料/核能,StrategicSignal
SIG_O2_REE_GEO,ONTOLOGY_SUPPLEMENT,CL_O_REE,GEO,,✓极强：中国出口管制（2023）；DoD资助1.2亿美元Lynas德州分离厂,SRC_EXT_005|SRC_EXT_009,https://www.mofcom.gov.cn/zwgk/zcfb/art/2025/art_6cb42957741440c6984de696b70df9ae.html | https://www.defense.gov/News/News-Stories/Article/Article/3700059/dod-looks-to-establish-mine-to-magnet-supply-chain-for-rare-earth-materials/,MULTI_SOURCE,Ministry of Commerce of the PRC::MOFCOM rare earth technology export control announcement ; U.S. Department of Defense::DoD mine-to-magnet and Lynas award,2025-10-09,2026-03-16,0.97,HIGH,0.0,MIXED,HIGH,稀土;磁材;永磁电机;分离冶炼,StrategicSignal
SIG_O2_REE_DEMAND,ONTOLOGY_SUPPLEMENT,CL_O_REE,DEMAND,,✓强：直驱风电（每MW 600kg Nd）；EV驱动电机（每辆2-3kg Nd）；机器人关节电机,SRC_002,,INTERNAL_STRUCTURED_SOURCE,Internal ONTOLOGY_SUPPLEMENT knowledge package; no external link attached in V2.5-B,2026-03-16,2026-03-16,0.62,MEDIUM,0.0,UNCERTAIN,MEDIUM,稀土;磁材;永磁电机;分离冶炼,StrategicSignal
SIG_O2_REE_TECH,ONTOLOGY_SUPPLEMENT,CL_O_REE,TECH,,✓中：晶界扩散技术降Dy用量15-25%；FeN无稀土磁体TRL3-4（10年+）,SRC_002,,INTERNAL_STRUCTURED_SOURCE,Internal ONTOLOGY_SUPPLEMENT knowledge package; no external link attached in V2.5-B,2026-03-16,2026-03-16,0.62,MEDIUM,0.0,UNCERTAIN,MEDIUM,稀土;磁材;永磁电机;分离冶炼,StrategicSignal
SIG_O2_REE_REG,ONTOLOGY_SUPPLEMENT,CL_O_REE,REG,,✓强：中国采矿配额控制；南方离子矿环保督察；EU关键原材料法案,SRC_EXT_004|SRC_EXT_012,https://www.mee.gov.cn/zcwj/gwywj/202407/t20240701_1080564.shtml | https://eur-lex.europa.eu/EN/legal-content/summary/a-secure-and-sustainable-supply-of-critical-raw-materials.html,MULTI_SOURCE,State Council of the PRC / China Government::Rare Earth Management Regulations of China ; EUR-Lex / European Union::EU Critical Raw Materials Act summary,2024-07-01,2026-03-16,0.92,HIGH,0.05,MIXED,HIGH,稀土;磁材;永磁电机;分离冶炼,StrategicSignal
SIG_O2_Ga_Ge_In_GEO,ONTOLOGY_SUPPLEMENT,CL_O_Ga_Ge_In,GEO,,✓极强：中国2023年8月实施出口管制；美/EU/日本紧急建设替代供应链,SRC_EXT_002,https://www.mofcom.gov.cn/zcfb/dwmygl/art/2023/art_52b9a321087f402bb3d310d18b07967e.html,GOV_REPORT,Ministry of Commerce of the PRC::MOFCOM announcement on gallium and germanium export controls,2023-07-03,2026-03-16,0.87,MEDIUM_HIGH,0.1,NEGATIVE,HIGH,Ga/Ge/In;GaN/GaAs;光电子;化合物半导体,StrategicSignal
SIG_O2_Ga_Ge_In_DEMAND,ONTOLOGY_SUPPLEMENT,CL_O_Ga_Ge_In,DEMAND,,✓强：5G全球扩张；GaN快充普及（消费市场）；InP 800G光模块（AI算力）,SRC_EXT_008,https://www.nist.gov/chips/proposed-funding-sites,GOV_REPORT,U.S. Department of Commerce / NIST::NIST CHIPS proposed funding sites for GaN/GaAs,2024-06-25,2026-03-16,0.9,HIGH,0.05,UNCERTAIN,MEDIUM,Ga/Ge/In;GaN/GaAs;光电子;化合物半导体,StrategicSignal
SIG_O2_Ga_Ge_In_TECH,ONTOLOGY_SUPPLEMENT,CL_O_Ga_Ge_In,TECH,,✓中：GaN on Si替代GaN on SiC（消费市场完成）；AZO替代ITO（柔性屏渗透）,SRC_EXT_008,https://www.nist.gov/chips/proposed-funding-sites,GOV_REPORT,U.S. Department of Commerce / NIST::NIST CHIPS proposed funding sites for GaN/GaAs,2024-06-25,2026-03-16,0.9,HIGH,0.05,UNCERTAIN,MEDIUM,Ga/Ge/In;GaN/GaAs;光电子;化合物半导体,StrategicSignal
SIG_O2_Ga_Ge_In_REG,ONTOLOGY_SUPPLEMENT,CL_O_Ga_Ge_In,REG,,"✓强：CHIPS法案资助GaN/GaAs国内产能；Ga/Ge明确列入""关键矿产""清单",SRC_EXT_008|SRC_EXT_010,https://www.nist.gov/chips/proposed-funding-sites | https://www.energy.gov/cmm/what-are-critical-minerals-and-materials,MULTI_SOURCE,U.S. Department of Commerce / NIST::NIST CHIPS proposed funding sites for GaN/GaAs ; U.S. Department of Energy::DOE critical materials list page,2025-03-19,2026-03-16,0.95,HIGH,0.0,POSITIVE,HIGH,Ga/Ge/In;GaN/GaAs;光电子;化合物半导体,StrategicSignal
SIG_O2_Li_Na_GEO,ONTOLOGY_SUPPLEMENT,CL_O_Li_Na,GEO,,✓中：中国控制60%+加工；智利/阿根廷锂资源国有化趋势；澳洲硬岩矿相对稳定,SRC_002,,INTERNAL_STRUCTURED_SOURCE,Internal ONTOLOGY_SUPPLEMENT knowledge package; no external link attached in V2.5-B,2026-03-16,2026-03-16,0.62,MEDIUM,0.0,MIXED,HIGH,Li/Na;电池与储能,StrategicSignal
SIG_O2_Li_Na_DEMAND,ONTOLOGY_SUPPLEMENT,CL_O_Li_Na,DEMAND,,✓中：固态电池量产路线图清晰（丰田2027-2028，宁德2027）；Na电分流低端,SRC_002,,INTERNAL_STRUCTURED_SOURCE,Internal ONTOLOGY_SUPPLEMENT knowledge package; no external link attached in V2.5-B,2026-03-16,2026-03-16,0.62,MEDIUM,0.0,UNCERTAIN,MEDIUM,Li/Na;电池与储能,StrategicSignal
SIG_O2_Li_Na_TECH,ONTOLOGY_SUPPLEMENT,CL_O_Li_Na,TECH,,✓强：固态电解质材料TRL快速提升；Li金属负极枝晶抑制技术进步显著,SRC_002,,INTERNAL_STRUCTURED_SOURCE,Internal ONTOLOGY_SUPPLEMENT knowledge package; no external link attached in V2.5-B,2026-03-16,2026-03-16,0.62,MEDIUM,0.0,UNCERTAIN,MEDIUM,Li/Na;电池与储能,StrategicSignal
SIG_O2_Li_Na_REG,ONTOLOGY_SUPPLEMENT,CL_O_Li_Na,REG,,✓中：EU电池法要求再生Li含量（2031年≥4%）；IRA对非中国来源Li补贴,SRC_EXT_006|SRC_EXT_007|SRC_EXT_011,https://www.energy.gov/articles/clean-hydrogen-production-tax-credit-45v-resources | https://eur-lex.europa.eu/EN/legal-content/summary/sustainability-rules-for-batteries-and-waste-batteries.html | https://www.energy.gov/articles/doe-releases-final-interpretive-guidance-definition-foreign-entity-concern,MULTI_SOURCE,U.S. Department of Energy::DOE Clean Hydrogen Production Tax Credit (45V) Resources ; EUR-Lex / European Union::EU Batteries Regulation summary ; U.S. Department of Energy::DOE FEOC interpretive guidance,2025-07-04,2026-03-16,0.94,HIGH,0.0,POSITIVE,HIGH,Li/Na;电池与储能,StrategicSignal
SIG_O2_Cu_GEO,ONTOLOGY_SUPPLEMENT,CL_O_Cu,GEO,,△弱：智利矿山罢工周期性扰动供应（非结构性）,SRC_002,,INTERNAL_STRUCTURED_SOURCE,Internal ONTOLOGY_SUPPLEMENT knowledge package; no external link attached in V2.5-B,2026-03-16,2026-03-16,0.62,MEDIUM,0.0,MIXED,HIGH,CL_O_Cu,StrategicSignal
SIG_O2_Cu_DEMAND,ONTOLOGY_SUPPLEMENT,CL_O_Cu,DEMAND,,✓强：AI数据中心铜需求超预期；海上风电每MW 8-10吨Cu；EV每辆增量23kg,SRC_002,,INTERNAL_STRUCTURED_SOURCE,Internal ONTOLOGY_SUPPLEMENT knowledge package; no external link attached in V2.5-B,2026-03-16,2026-03-16,0.62,MEDIUM,0.0,UNCERTAIN,MEDIUM,CL_O_Cu,StrategicSignal
SIG_O2_Cu_TECH,ONTOLOGY_SUPPLEMENT,CL_O_Cu,TECH,,✗弱：无实质性替代技术进入规模应用,SRC_002,,INTERNAL_STRUCTURED_SOURCE,Internal ONTOLOGY_SUPPLEMENT knowledge package; no external link attached in V2.5-B,2026-03-16,2026-03-16,0.62,MEDIUM,0.0,UNCERTAIN,MEDIUM,CL_O_Cu,StrategicSignal
SIG_O2_Cu_REG,ONTOLOGY_SUPPLEMENT,CL_O_Cu,REG,,△弱：矿山环保要求提高（有利于铜价，不影响供应结构）,SRC_002,,INTERNAL_STRUCTURED_SOURCE,Internal ONTOLOGY_SUPPLEMENT knowledge package; no external link attached in V2.5-B,2026-03-16,2026-03-16,0.62,MEDIUM,0.0,MIXED,HIGH,CL_O_Cu,StrategicSignal
SIG_O2_Ni_Co_Mn_GEO,ONTOLOGY_SUPPLEMENT,CL_O_Ni_Co_Mn,GEO,,✓强(Co)：刚果金政治风险+童工ESG问题；印尼Ni出口政策变化（已禁原矿出口）,SRC_002,,INTERNAL_STRUCTURED_SOURCE,Internal ONTOLOGY_SUPPLEMENT knowledge package; no external link attached in V2.5-B,2026-03-16,2026-03-16,0.62,MEDIUM,0.0,NEGATIVE,HIGH,Ni/Co/Mn;三元正极与合金,StrategicSignal
SIG_O2_Ni_Co_Mn_DEMAND,ONTOLOGY_SUPPLEMENT,CL_O_Ni_Co_Mn,DEMAND,,✓强(Ni)：高镍NMC渗透率提升；LMFP量产导入拉动Mn需求,SRC_002,,INTERNAL_STRUCTURED_SOURCE,Internal ONTOLOGY_SUPPLEMENT knowledge package; no external link attached in V2.5-B,2026-03-16,2026-03-16,0.62,MEDIUM,0.0,POSITIVE,MEDIUM,Ni/Co/Mn;三元正极与合金,StrategicSignal
SIG_O2_Ni_Co_Mn_TECH,ONTOLOGY_SUPPLEMENT,CL_O_Ni_Co_Mn,TECH,,✓强(Co)：无钴电池（LFP/LMFP）成熟化；固态电池可进一步降低Co用量,SRC_002,,INTERNAL_STRUCTURED_SOURCE,Internal ONTOLOGY_SUPPLEMENT knowledge package; no external link attached in V2.5-B,2026-03-16,2026-03-16,0.62,MEDIUM,0.0,UNCERTAIN,MEDIUM,Ni/Co/Mn;三元正极与合金,StrategicSignal
SIG_O2_Ni_Co_Mn_REG,ONTOLOGY_SUPPLEMENT,CL_O_Ni_Co_Mn,REG,,✓中：欧盟《电池法》对Co供应链溯源要求；OECD矿物供应链尽职调查指导方针,SRC_EXT_007|SRC_EXT_011,https://eur-lex.europa.eu/EN/legal-content/summary/sustainability-rules-for-batteries-and-waste-batteries.html | https://www.energy.gov/articles/doe-releases-final-interpretive-guidance-definition-foreign-entity-concern,MULTI_SOURCE,EUR-Lex / European Union::EU Batteries Regulation summary ; U.S. Department of Energy::DOE FEOC interpretive guidance,2025-07-04,2026-03-16,0.94,HIGH,0.0,MIXED,HIGH,Ni/Co/Mn;三元正极与合金,StrategicSignal
SIG_O2_Si_GEO,ONTOLOGY_SUPPLEMENT,CL_O_Si,GEO,,✓强：中国多晶硅列入美国关键矿产清单；CHIPS法对中国先进制程扩产设限（EUV禁运）,SRC_EXT_008,https://www.nist.gov/chips/proposed-funding-sites,GOV_REPORT,U.S. Department of Commerce / NIST::NIST CHIPS proposed funding sites for GaN/GaAs,2024-06-25,2026-03-16,0.9,HIGH,0.05,POSITIVE,HIGH,Si;晶圆/芯片/光伏,StrategicSignal
SIG_O2_Si_DEMAND,ONTOLOGY_SUPPLEMENT,CL_O_Si,DEMAND,,✓中：AI芯片推动先进制程晶圆需求增长30%/年；光伏装机600GW+/年；Si负极渗透,SRC_002,,INTERNAL_STRUCTURED_SOURCE,Internal ONTOLOGY_SUPPLEMENT knowledge package; no external link attached in V2.5-B,2026-03-16,2026-03-16,0.62,MEDIUM,0.0,POSITIVE,MEDIUM,Si;晶圆/芯片/光伏,StrategicSignal
SIG_O2_Si_TECH,ONTOLOGY_SUPPLEMENT,CL_O_Si,TECH,,✓中：Si光子集成（AI芯片互连带宽）；TOPCon/HJT效率持续突破；Si@C负极量产化,SRC_002,,INTERNAL_STRUCTURED_SOURCE,Internal ONTOLOGY_SUPPLEMENT knowledge package; no external link attached in V2.5-B,2026-03-16,2026-03-16,0.62,MEDIUM,0.0,UNCERTAIN,MEDIUM,Si;晶圆/芯片/光伏,StrategicSignal
SIG_O2_Si_REG,ONTOLOGY_SUPPLEMENT,CL_O_Si,REG,,✓强：EUV光刻机出口管制（ASML）；CHIPS法国内晶圆厂补贴,SRC_EXT_008,https://www.nist.gov/chips/proposed-funding-sites,GOV_REPORT,U.S. Department of Commerce / NIST::NIST CHIPS proposed funding sites for GaN/GaAs,2024-06-25,2026-03-16,0.9,HIGH,0.05,MIXED,HIGH,Si;晶圆/芯片/光伏,StrategicSignal
