function_id,source_origin,cluster_key,cluster_name,function_type,function_name,physical_basis_or_mechanism,performance_metric,performance_value,performance_unit,performance_ref,trl,key_apps,demand_proxy,substitution_score,substitution_note,label
Fe_FP_01,ONTOLOGY,CL_O_Fe,铁（Fe）,STRUCTURAL,结构承载（钢）,BCC/FCC相变赋予强度-韧性可调窗口；3d轨道与C形成固溶强化,极限抗拉强度,2700.0,MPa,马氏体时效钢,9.0,"钢结构建筑, 汽车车身, 轨道交通, 船舶, 机械制造",全球钢铁年产约19亿吨（2024），占所有金属产量90%+,2,大宗应用中可部分替代但总量不降,FunctionPosition
Fe_FP_02,ONTOLOGY,CL_O_Fe,铁（Fe）,MAGNETIC,软磁（硅钢/铁芯）,3d⁶未配对电子产生铁磁性；硅添加提高磁导率并降低涡流损耗,最大磁导率,100000.0,μH/m,取向硅钢,9.0,"变压器铁芯, 电机定子/转子, 电感器",取向硅钢年产约1400万吨（变压器电机主力）,3,,FunctionPosition
Fe_FP_03,ONTOLOGY,CL_O_Fe,铁（Fe）,ELECTROCHEMICAL,LFP正极活性物质（Fe²⁺/Fe³⁺）,Fe²⁺/Fe³⁺氧化还原对提供3.2-3.4V电位窗口；磷酸根骨架赋予热稳定性,理论比容量,170.0,mAh/g,LiFePO4,9.0,"储能电池, 商用车电池, 入门级EV",LFP正极年产约200万吨（2024），仍高速增长,3,,FunctionPosition
Fe_FP_04,ONTOLOGY,CL_O_Fe,铁（Fe）,CATALYTIC,合成氨铁基催化剂,Fe表面对N₂的解离吸附活性；促进剂K₂O调控电子密度,转化率,25.0,%（单程）,Haber-Bosch标准工艺,9.0,"合成氨（全球年产2亿吨）, 化肥, 基础化工",合成氨催化剂市场依赖Fe，但Fe本身成本极低,4,,FunctionPosition
Al_FP_01,ONTOLOGY,CL_O_Al,铝（Al）,STRUCTURAL,轻量化结构（铝合金）,Al密度2.7g/cm³（约Fe的1/3）；6xxx/7xxx系通过Mg-Si/Zn-Mg-Cu沉淀强化,比强度（σ/ρ）,220.0,kN·m/kg,7075-T6,9.0,"航空机身（40%用铝）, 新能源车车身, 轨道交通, 建筑型材",全球Al年产约7000万吨（2024）,2,,FunctionPosition
Al_FP_02,ONTOLOGY,CL_O_Al,铝（Al）,CONDUCTING,电力传输（输电线/母线）,导电率37.7×10⁶ S/m（Cu的61%）；密度仅Cu的30%——输电线比强度优于Cu,导电率,37700000.0,S/m,纯铝（1350合金）,9.0,"高压输电线, 变电站母线, 汽车线束（低压）",电网用铝约占全球Al消费15%,2,,FunctionPosition
Al_FP_03,ONTOLOGY,CL_O_Al,铝（Al）,ELECTROCHEMICAL,正极集流体（铝箔）,Al在正极高电位（4V以上）下形成致密Al₂O₃钝化层，不溶解于电解液；Cu在此电位溶解,厚度极限（电解工艺）,8.0,μm,电池级铝箔,9.0,锂电池正极集流体（全部锂电池）,锂电铝箔年需求约80万吨，高速增长,5,,FunctionPosition
Al_FP_04,ONTOLOGY,CL_O_Al,铝（Al）,CHEMICAL_BASE,催化剂载体（氧化铝）,γ-Al₂O₃大比表面积（200-400 m²/g）+酸性位点；热稳定性高,BET比表面积,400.0,m²/g,γ-Al₂O₃,9.0,"石化催化剂载体, 汽车三效催化器涂层, 吸附剂",活性氧化铝年产约300万吨,2,,FunctionPosition
C_FP_01,ONTOLOGY,CL_O_C,碳（C）,STRUCTURAL,高比强度结构（碳纤维复材）,碳纤维sp²共价键C-C强度（7GPa理论）；与树脂复合形成各向异性强化体,比强度,3500.0,kN·m/kg,T1000级碳纤维,9.0,"航空机身（波音787含53% CFRP）, 风电叶片, 体育器材, 汽车车顶/B柱",全球碳纤维年产约20万吨（2024），供不应求,4,航空航天不可替代，成本敏感场景被其他方案分流,FunctionPosition
C_FP_02,ONTOLOGY,CL_O_C,碳（C）,ELECTROCHEMICAL,锂电负极（石墨）,石墨层间距0.335nm，Li⁺嵌入形成LiC₆；理论比容量372 mAh/g；稳定SEI膜,理论比容量,372.0,mAh/g,LiC₆,9.0,"锂电负极（全部液态锂电池）, 双电层电容器（活性炭）",负极石墨年产约200万吨（2024），主要在中国,3,,FunctionPosition
C_FP_03,ONTOLOGY,CL_O_C,碳（C）,SEMICONDUCTOR,SiC功率半导体（与Si共用）,SiC禁带宽度3.26eV；击穿电场10倍于Si；热导率3.7 W/cm·K（Si的2.5倍）,功率密度提升比（vs Si IGBT）,10.0,倍,SiC MOSFET,9.0,"EV主逆变器（800V平台）, 光伏逆变器, 铁路牵引变流器, 工业电源",SiC衬底年产约100万片（4/6英寸），仍供不应求,4,,FunctionPosition
C_FP_04,ONTOLOGY,CL_O_C,碳（C）,CHEMICAL_BASE,冶金还原剂（焦炭）,C与FeO在1500°C+反应：FeO+C→Fe+CO；高温稳定，比活性大,高炉焦炭置换比,0.5,t焦/t铁,现代高炉,9.0,"高炉炼铁（全球19亿吨钢的70%走高炉路线）, 电弧炉电极",冶金焦炭年产约7亿吨（全球最大C用途）,2,,FunctionPosition
H_FP_01,ONTOLOGY,CL_O_H,氢（H）,ENERGY_CARRIER,燃料电池动力（PEMFC）,H₂在Pt催化剂上氧化：H₂→2H⁺+2e⁻；理论效率83%（vs 热机40%）,理论能量密度,33.3,kWh/kg（H₂）,LHV,8.0,"重型燃料电池卡车, 铁路机车, 船舶辅助动力, 固定式备用电源",燃料电池车全球保有量约7万辆（2024），重卡渗透率提升中,2,应用场景决定替代弹性，重卡/航空阻力>乘用车,FunctionPosition
H_FP_02,ONTOLOGY,CL_O_H,氢（H）,CHEMICAL_BASE,化工合成原料（合成氨/甲醇/石化）,H₂是氮氢反应（N₂+3H₂→2NH₃）和CO₂加氢（CO₂+3H₂→CH₃OH+H₂O）的氢源,Haber-Bosch合成氨产率,20000000.0,t/年（全球）,2024年全球氨产量,9.0,"合成氨（化肥/炸药）, 甲醇合成, 石化加氢裂解, 炼油加氢精制",全球H₂年消费约9500万吨（95%来自化石燃料重整）,5,,FunctionPosition
H_FP_03,ONTOLOGY,CL_O_H,氢（H）,CHEMICAL_BASE,绿色钢铁还原剂,H₂直接还原铁矿石：Fe₂O₃+3H₂→2Fe+3H₂O；产物为水（零碳排放）,碳排放对比（kg CO₂/t钢）,0.0,（理论绿氢DRI）,vs传统高炉1800 kg,7.0,"绿色直接还原铁（DRI）, HYBRIT工艺（SSAB）, H2 Green Steel",绿色DRI 2024年商业化起点，2030年预计1000万吨/年,3,,FunctionPosition
Ti_FP_01,ONTOLOGY,CL_O_Ti_Zr_Hf,钛锆铪（Ti/Zr/Hf）,STRUCTURAL,高比强度耐蚀结构（钛合金）,Ti-6Al-4V双相（α+β）组织；比强度280 kN·m/kg；钛表面TiO₂钝化层化学稳定性极高,比强度,280.0,kN·m/kg,Ti-6Al-4V,9.0,"航空发动机压气机叶片/机身紧固件, 深海管道, 医疗植入体（髋膝关节）",全球海绵钛年产约35万吨，航空消费约50%,3,,FunctionPosition
Zr_FP_01,ONTOLOGY,CL_O_Ti_Zr_Hf,钛锆铪（Ti/Zr/Hf）,NUCLEAR,核燃料包壳（锆合金）,Zr热中子吸收截面仅0.18 barn（vs Fe的2.56）；在400°C水中腐蚀速率极低,热中子吸收截面,0.18,barn,Zr-4合金,9.0,所有水冷核反应堆燃料组件包壳,全球Zr年产约5万吨，核级Zr约1.5万吨（需无Hf杂质）,4,,FunctionPosition
Hf_FP_01,ONTOLOGY,CL_O_Ti_Zr_Hf,钛锆铪（Ti/Zr/Hf）,SEMICONDUCTOR,先进制程高k栅介质（HfO₂）,HfO₂相对介电常数ε=25（vs SiO₂的3.9）；量子隧穿截止厚度等效增厚6倍；允许5nm以下节点MOS器件工作,等效氧化物厚度（EOT）可实现最小值,0.5,nm,Intel先进制程规格,9.0,"所有5nm以下先进制程芯片（Intel/台积电/三星全部使用HfO₂）, FinFET/GAA结构",Hf年产约80吨（仅从Zr分离副产），全球需求高度集中,5,,FunctionPosition
Hf_FP_02,ONTOLOGY,CL_O_Ti_Zr_Hf,钛锆铪（Ti/Zr/Hf）,NUCLEAR,核反应堆控制棒,Hf热中子吸收截面102 barn；6个稳定同位素多级吸收，控制棒寿命长,热中子吸收截面,102.0,barn,天然Hf,9.0,"海军核反应堆（高功率密度要求Hf）, 部分商业堆控制棒",Hf年产约80吨，核用约20%,2,Hf控制棒主要用于高功率和需要长寿命的场合,FunctionPosition
W_FP_01,ONTOLOGY,CL_O_Cr_Mo_W_V_Nb_Ta,难熔/高性能合金元素（Cr/Mo/W/V/Nb/Ta）,HIGH_TEMP,最高熔点切削材料（硬质合金WC-Co）,W熔点3422°C（最高）；WC硬度9.5 Mohs；WC-Co复合材料：WC提供硬度，Co提供韧性,WC-Co硬度,1800.0,HV（维氏硬度）,YG6硬质合金,9.0,"全球90%金属切削刀片含WC-Co, 矿山钻头, 模具, 电子封装（Cu互连线钨柱塞）",全球W年产约8.5万吨，55%用于硬质合金,4,,FunctionPosition
Mo_FP_01,ONTOLOGY,CL_O_Cr_Mo_W_V_Nb_Ta,难熔/高性能合金元素（Cr/Mo/W/V/Nb/Ta）,HIGH_TEMP,镍基高温合金强化相（γ'稳定剂）,Mo在Ni基体中固溶，扩大γ'相稳定区；熔点2623°C；阻止蠕变位错移动,工作温度（涂层叶片）,1700.0,°C,最新单晶叶片,9.0,"航空发动机涡轮叶片（Ni基高温合金必含Mo）, 重型燃气轮机（电力）, 火箭发动机",全球Mo年产约30万吨，35%用于高温合金和特钢,4,,FunctionPosition
V_FP_01,ONTOLOGY,CL_O_Cr_Mo_W_V_Nb_Ta,难熔/高性能合金元素（Cr/Mo/W/V/Nb/Ta）,ELECTROCHEMICAL,全钒液流电池电解质,V²⁺/V³⁺（负极）和V⁴⁺/V⁵⁺（正极）四种价态在同一电解液中共存；无交叉污染；无限次循环寿命,循环寿命（次）,20000.0,次,全钒液流电池,8.0,"4-12小时长时储能（电网调峰）, 工业园区不间断电源",全钒液流电池年装机约200MWh（2024），增速>50%,3,,FunctionPosition
Nb_FP_01,ONTOLOGY,CL_O_Cr_Mo_W_V_Nb_Ta,难熔/高性能合金元素（Cr/Mo/W/V/Nb/Ta）,STRUCTURAL,HSLA钢微合金化（铌微合金）,Nb在钢中形成NbC/NbN纳米析出物，钉扎晶界细化晶粒；每增加0.03%Nb可提升强度100MPa,晶粒细化效果（每0.01%Nb）,20.0,MPa强度提升,X80管线钢,9.0,"输油/输气管线钢（X65-X100级）, 高强汽车钢（双相钢/TRIP钢）, 桥梁钢",全球Nb年产约9万吨，80%来自巴西（CBMM，全球最大Nb矿）,3,,FunctionPosition
Ta_FP_01,ONTOLOGY,CL_O_Cr_Mo_W_V_Nb_Ta,难熔/高性能合金元素（Cr/Mo/W/V/Nb/Ta）,SEMICONDUCTOR,钽电容器介质,Ta₂O₅高介电常数（ε=25）；阳极氧化形成致密Ta₂O₅薄膜；在极小体积内实现高容量,体积比电容（μF/mm³）,200.0,μF/mm³,高性能Ta电容,9.0,"手机/笔记本PMIC电源管理芯片周边电容, 航空军用电子设备（高可靠性）",全球Ta年产约2400吨，60%来自刚果金，65%用于电容器,3,,FunctionPosition
PGM_FP_01,ONTOLOGY,CL_O_PGM,铂族元素（Pt/Pd/Rh/Ru/Ir）,CATALYTIC,汽车三效催化（Pt/Pd/Rh）,Rh：NO→N₂还原（唯一有效催化剂）；Pd：CO/HC氧化；Pt：辅助+柴油DOC。三者协同完成三效转化,NOx转化效率,99.0,%,现代TWC催化器,9.0,所有内燃机汽车三效催化器（全球9亿辆存量）,汽车催化剂消耗Pt约80t/年；Pd约300t/年；Rh约35t/年（全球最大来源）,3,Rh无实质替代；EV渗透率是需求端颠覆力量,FunctionPosition
PGM_FP_02,ONTOLOGY,CL_O_PGM,铂族元素（Pt/Pd/Rh/Ru/Ir）,CATALYTIC,PEM燃料电池催化剂（Pt）,Pt纳米颗粒对O₂还原反应（ORR）催化活性最高；表面d带中心优化的氧结合能,Pt载量目标（DOE 2025）,0.1,mg/cm²,vs 2015年0.4mg/cm²,8.0,"燃料电池重卡/轿车（Toyota Mirai等）, 固定式备用电源, 轨道交通氢列车",PEMFC汽车增长带动Pt需求：每辆约30-50g，2030年预计100万辆/年,4,PEM燃料电池短期内Pt不可替代,FunctionPosition
PGM_FP_03,ONTOLOGY,CL_O_PGM,铂族元素（Pt/Pd/Rh/Ru/Ir）,CATALYTIC,PEM水电解OER催化剂（Ir/Ru）,Ir：最高活性+稳定性的OER（析氧反应）催化剂；Ru：活性更高但稳定性稍低,PEM电解槽效率,85.0,%（当前商业化）,NEL/ITM,8.0,"PEM绿氢电解槽（NEL/ITM/Plug Power）, 氯碱工业（Ir/Ru涂层DSA电极）",Ir全球年产约7吨，PEM电解槽每MW约1.5kg Ir；2030年GW级绿氢→Ir需求爆炸性增长,4,Ir是绿氢规模化的战略咽喉,FunctionPosition
Ag_FP_01,ONTOLOGY,CL_O_Ag_Au,银金（Ag/Au）,SEMICONDUCTOR,光伏银浆（正面细栅线）,银浆在烧结后形成电阻率1.6×10⁻⁸ Ω·m的Ag接触层；与n型硅欧姆接触烧结工艺精密,银浆电阻率接触电阻,1.5,mΩ·cm²,PERC/TOPCon电池,9.0,PERC/TOPCon太阳能电池（全部需要正面银栅线）,光伏行业消耗Ag约3500吨/年（2024），占全球Ag需求约12%,3,铜替代银是光伏行业确定趋势，预计2027-2030年大规模,FunctionPosition
Ag_FP_02,ONTOLOGY,CL_O_Ag_Au,银金（Ag/Au）,CONDUCTING,高可靠性电气接触（继电器/开关）,Ag接触电阻最低（1.59μΩ·cm电阻率，最低）；不氧化（vs Cu的氧化问题）；耐电弧腐蚀,接触电阻稳定性（百万次）,1000000.0,次切换,Ag-CdO（已限用）→AgSnO₂,9.0,"继电器触点, 断路器触头, 工业开关, 导电浆料（MLCC电极）",电气接触消耗Ag约5000吨/年,3,,FunctionPosition
Au_FP_01,ONTOLOGY,CL_O_Ag_Au,银金（Ag/Au）,SEMICONDUCTOR,芯片封装键合线（Au/Cu/Ag线）,Au键合线：延展性好；不氧化；键合时形成Au-Al金属间化合物（可靠性关键）,键合强度（剪切）,50.0,g（典型值）,25μm Au线,9.0,"航空/军用芯片封装, 高可靠性传感器, 化合物半导体（GaAs/InP）键合",Au键合线年消耗约50-100吨（大幅萎缩，已被Cu线替代80%）,2,Au线已被Cu线基本替代（成本驱动），仅高可靠性/军用保留Au,FunctionPosition
Au_FP_02,ONTOLOGY,CL_O_Ag_Au,银金（Ag/Au）,STRUCTURAL,价值储存/货币功能,Au化学惰性（标准电位+1.52V，不与空气/水反应）；稀缺性（地壳丰度0.003ppm）；分割性好,腐蚀率（海水中，20°C）,0.0,（不腐蚀）,999纯金,9.0,"央行黄金储备（全球约3.5万吨）, 珠宝（约2000吨/年）, 金融ETF",全球Au年开采约3500吨，总存量约20万吨,4,,FunctionPosition
P_FP_01,ONTOLOGY,CL_O_P_F,磷氟（P/F）,ELECTROCHEMICAL,电解液主盐（LiPF₆）,LiPF₆在碳酸酯溶剂中离子传导率~10 mS/cm；在正极高电位下形成稳定LiF钝化层（CEI）,离子传导率,10.0,mS/cm,1M LiPF₆ in EC/DMC,9.0,全部液态锂电池（动力/储能/消费）电解液,LiPF₆年产约17万吨（2024），中国产能占90%+,4,LiPF₆是当前液态锂电体系唯一主流盐，替代需整体切换,FunctionPosition
P_FP_02,ONTOLOGY,CL_O_P_F,磷氟（P/F）,CHEMICAL_BASE,磷矿→磷肥（不可替代生物功能）,磷是ATP（生物能量货币）和DNA骨架的不可替代组成；植物无法从其他元素获得磷,峰值磷产量预测（年）,2100.0,年（预测）,全球磷矿峰值研究,9.0,"磷酸二铵（DAP）/磷酸一铵化肥, 磷矿石直接利用",全球磷矿年开采约2.3亿吨，75%用于化肥；摩洛哥OCP控制全球70%磷矿储量,5,,FunctionPosition
F_FP_01,ONTOLOGY,CL_O_P_F,磷氟（P/F）,CHEMICAL_BASE,半导体清洗/刻蚀气体,HF腐蚀SiO₂（SiO₂+4HF→SiF₄+2H₂O）；NF₃/SF₆用于等离子刻蚀（高活性F自由基）；选择比精确可控,SiO₂刻蚀速率选择比（Si:SiO₂）,100.0,（BHF体系）,半导体清洗工艺,9.0,"所有硅基芯片制造的HF清洗/刻蚀步骤, CVD腔室清洁（NF₃）, 高k介质刻蚀",电子级HF年产约4万吨；NF₃约6万吨；全部由半导体供应链消耗,5,,FunctionPosition
F_FP_02,ONTOLOGY,CL_O_P_F,磷氟（P/F）,CHEMICAL_BASE,含氟聚合物（PTFE/PVDF耐腐蚀+锂电）,F-C键能485 kJ/mol（最强化学键之一）；PTFE摩擦系数0.04（最低）；PVDF压电/粘结性能,PTFE使用温度,260.0,°C（连续）,e-PTFE密封,9.0,"化工设备密封（PTFE）, 电池PVDF粘结剂, 半导体化学品输送管路, Gore-Tex",PVDF年产约14万吨，中国占65%；50%用于锂电,3,PFAS监管是重大战略风险信号,FunctionPosition
Zn_FP_01,ONTOLOGY,CL_O_Zn_Sn_Pb,锌锡铅（Zn/Sn/Pb）,STRUCTURAL,钢铁热镀锌防腐,Zn-Fe电偶腐蚀：Zn作为牺牲阳极保护Fe；锌层腐蚀速率1-2μm/年（温和环境）,镀锌层寿命（工业环境）,50.0,年（75μm镀层）,热镀锌,9.0,"建筑钢结构镀锌, 汽车车身钢板防腐, 输电铁塔, 桥梁栏杆",全球Zn年产约1400万吨，55%用于镀锌,2,,FunctionPosition
Sn_FP_01,ONTOLOGY,CL_O_Zn_Sn_Pb,锌锡铅（Zn/Sn/Pb）,SEMICONDUCTOR,无铅焊料（SAC体系）,Sn-Ag-Cu（SAC）合金熔点217°C；Sn基体保证润湿性；Ag₃Sn/Cu₆Sn₅金属间化合物强化,剪切强度（典型BGA焊点）,30.0,MPa,SAC305,9.0,"PCB表面贴装（SMT）焊接, BGA/CSP芯片封装, 功率器件焊接",全球Sn年产约40万吨，50%用于焊料（PCB制造核心材料）,3,,FunctionPosition
Pb_FP_01,ONTOLOGY,CL_O_Zn_Sn_Pb,锌锡铅（Zn/Sn/Pb）,ELECTROCHEMICAL,铅酸电池（12V车用+UPS）,Pb²⁺/PbSO₄（负极）和PbO₂/PbSO₄（正极）反应对；理论电压2V/单体；廉价且充分建立回收体系,比能量,40.0,Wh/kg,商业铅酸电池,9.0,"汽车启动电池（9亿辆存量）, UPS不间断电源, 通信基站备用电源, 叉车动力",全球Pb年消费约1200万吨，75%用于铅酸电池,2,监管+EV电气化架构升级是双重替代驱动力,FunctionPosition
Mg_FP_01,ONTOLOGY,CL_O_Mg_Ca,镁钙（Mg/Ca）,STRUCTURAL,极轻量化结构（镁合金）,Mg密度1.74g/cm³（金属中最轻之一）；AZ31/AZ91D镁合金比强度可达160 kN·m/kg,密度（纯Mg）,1.74,g/cm³（结构金属中最低）,AZ91D镁合金,9.0,"汽车座椅/方向盘/仪表盘支架（已大量应用）, 3C产品外壳（手机/笔记本）, 航空发动机辅助件",全球Mg合金年产约100万吨，汽车行业约40%,2,,FunctionPosition
Ca_FP_01,ONTOLOGY,CL_O_Mg_Ca,镁钙（Mg/Ca）,CHEMICAL_BASE,冶金净化剂（脱硫/脱氧）,Ca与S/O反应生成稳定CaS/CaO；反应活性极高；不引入有害杂质,钢液硫含量降低（喷吹CaO/CaSi）,0.002,wt%（S≤）,LF精炼工艺,9.0,"炼钢脱硫精炼（LF炉）, 铸造净化, 水泥/混凝土（CaO/Ca(OH)₂）",冶金用钙年消耗约20万吨（占钢铁成本<0.1%，但影响钢质量关键）,2,,FunctionPosition
O_FP_01,ONTOLOGY,CL_O_O_N,氧氮（O/N）,SEMICONDUCTOR,栅极绝缘层（SiO₂/HfO₂）,SiO₂：热氧化形成完美Si-SiO₂界面，界面态密度<10¹⁰/cm²；是20世纪半导体革命的基础,Si-SiO₂界面态密度,10000000000.0,/cm²（热氧化）,vs等离子氧化5×10¹⁰,9.0,"所有CMOS芯片栅极介质（成熟节点）, DRAM/Flash隧穿氧化层",工业氧气年产约1.3亿吨（主要用于钢铁，半导体用量占比<0.1%）,5,先进制程中SiO₂不可替代→被HfO₂替代，但SiO₂在成熟节点仍不可替代,FunctionPosition
N_FP_01,ONTOLOGY,CL_O_O_N,氧氮（O/N）,SEMICONDUCTOR,GaN/AlN宽禁带半导体基础,GaN禁带3.4eV；AlN禁带6.2eV（最宽禁带半导体之一）；极化效应产生高浓度2DEG（二维电子气）,AlGaN/GaN HEMT 2DEG浓度,10000000000000.0,/cm²,典型GaN HEMT,9.0,"5G毫米波功放（GaN on SiC）, 快充功率器件（GaN on Si）, UV LED/激光器（AlGaN）",GaN器件市场年增25%+；受益于Ga稀缺，GaN的N来源（氨分解/N₂）无约束,5,,FunctionPosition
FN_H_01,GRAPH,CL_G_C01_H,H  氢,,能量载体,H₂燃烧：2H₂+O₂→2H₂O，ΔH=-286kJ/mol；燃料电池：电化学氧化，效率>50%,perf,,,,,,,3,sub_path=直接电气化（BEV）；甲醇/氨为载体; sub_score=★★★☆☆,FunctionPosition
FN_H_02,GRAPH,CL_G_C01_H,H  氢,,还原剂（氢冶金）,H₂+FeO→Fe+H₂O（直接还原）；替代CO作还原剂；产物为水而非CO₂,perf,,,,,,,3,sub_path=天然气DRI（短期过渡）；电熔铁（熔盐电解，TRL2-3）; sub_score=★★★☆☆,FunctionPosition
FN_H_03,GRAPH,CL_G_C01_H,H  氢,,化工原料,Haber-Bosch合成氨：N₂+3H₂→2NH₃（Fe催化剂，400-500°C，150-300atm）,perf,,,,,,,1,sub_path=无实质替代（氮素循环中H₂不可缺失）; sub_score=★☆☆☆☆,FunctionPosition
FN_C_01,GRAPH,CL_G_C02_C,C  碳,,电池负极（储锂）,Li⁺嵌入石墨层间（LiC₆）；层间距0.335nm适合Li⁺（0.76Å）可逆嵌脱,perf,,,,,,,3,sub_path=Si@C复合负极（渗透中）；硬碳（钠电）；石墨烯基（研究阶段）; sub_score=★★★☆☆,FunctionPosition
FN_C_02,GRAPH,CL_G_C02_C,C  碳,,复合材料骨架（CFRP）,PAN纤维碳化：聚丙烯腈→碳化（1300°C）→石墨化（2500°C）；碳链沿纤维轴排列,perf,,,,,,,2,sub_path=玄武岩纤维（低成本替代）；金属基复材；暂无高端替代; sub_score=★★☆☆☆,FunctionPosition
FN_C_03,GRAPH,CL_G_C02_C,C  碳,,导热/热管理（金刚石）,sp³共价网络：声子导热，无自由电子散射；室温热导率2000W/m·K,perf,,,,,,,2,sub_path=CVD金刚石基板（GaN功率器件散热）；暂无性能接近的低成本替代; sub_score=★★☆☆☆,FunctionPosition
FN_NO_01,GRAPH,CL_G_C03_NO,N / O  氮·氧,,宽禁带半导体（GaN）,N与Ga形成六方纤锌矿结构；禁带宽度3.4eV（Si的3倍）；临界击穿场10MV/cm,perf,,,,,,,2,sub_path=SiC（竞争性路线）；Si（低压场景）；AlN（更宽禁带，TRL5-6）; sub_score=★★☆☆☆,FunctionPosition
FN_NO_02,GRAPH,CL_G_C03_NO,N / O  氮·氧,,栅极绝缘层（SiO₂/HfO₂）,Si-O键强（800kJ/mol）；SiO₂/Si界面缺陷态密度极低（~10¹⁰/cm²）,perf,,,,,,,3,sub_path=HfO₂（High-K介质，已在7nm以下制程替代SiO₂）；ZrO₂（备选）; sub_score=★★★☆☆,FunctionPosition
FN_NO_03,GRAPH,CL_G_C03_NO,N / O  氮·氧,,工业气体/氧化反应,O₂：氧化剂/燃烧支持；N₂：惰性保护气；NO₃⁻/NH₃：化工中间体,perf,,,,,,,1,sub_path=无实质替代（O₂/N₂的物理化学功能独特）; sub_score=★☆☆☆☆,FunctionPosition
FN_AL_01,GRAPH,CL_G_C04_AL,Al  铝,,轻量化结构,FCC结构提供良好塑性；时效强化（Mg₂Si/CuAl₂析出相）；比强度高于钢,perf,,,,,,,3,sub_path=碳纤维（比强度更优）；镁合金（更轻）；高强钢（成本优）; sub_score=★★★☆☆,FunctionPosition
FN_AL_02,GRAPH,CL_G_C04_AL,Al  铝,,导电输电,3p¹自由电子；ACSR（钢芯铝绞线）：Al导电+钢芯承载，兼顾导电与强度,perf,,,,,,,3,sub_path=铜（高压/紧凑场景）；超导体（仅特殊场景）; sub_score=★★★☆☆,FunctionPosition
FN_AL_03,GRAPH,CL_G_C04_AL,Al  铝,,电池集流体（铝箔）,铝箔作正极集流体（LFP/NMC正极端）；在正极电位范围内化学稳定（Al₂O₃保护）,perf,,,,,,,1,sub_path=Al替代Cu的场景仅限正极集流体（负极必须用Cu）；复合集流体（PET/Al）; sub_score=★☆☆☆☆（在已定义的功能位）,FunctionPosition
FN_FE_01,GRAPH,CL_G_C05_FE,Fe  铁,,结构承载,BCC马氏体相变强化；析出相（MC型碳化物）细晶强化；合金元素固溶强化,perf,,,,,,,3,sub_path=铝合金（轻量化）/Ti合金（高比强度）/CFRP（极致轻量化）; sub_score=★★★☆☆,FunctionPosition
FN_FE_02,GRAPH,CL_G_C05_FE,Fe  铁,,软磁导磁,3d电子磁矩排列（铁磁性）；低矫顽力（易磁化易退磁）；饱和磁感2.1T,perf,,,,,,,2,sub_path=非晶合金（更低铁损）/铁氧体（高频场景）/钴基非晶（超高频）; sub_score=★★☆☆☆,FunctionPosition
FN_FE_03,GRAPH,CL_G_C05_FE,Fe  铁,,LFP电化学活性,Fe²⁺/Fe³⁺可逆氧化还原（3.4V vs Li/Li⁺）；橄榄石PO₄结构稳定；热稳定性最优,perf,,,,,,,3,sub_path=LMFP（+15%能量密度）；NMC（高能量密度乘用车）; sub_score=★★★☆☆,FunctionPosition
FN_PF_01,GRAPH,CL_G_C06_PF,P / F  磷·氟,,LFP正极骨架（P）,PO₄³⁻提供稳定3D橄榄石晶格（空间群Pnmb）；对Fe²⁺氧化还原的诱导效应控制电压,perf,,,,,,,3,sub_path=LMFP（Mn部分替代Fe）；无磷正极路线（NMC/NCA/硫化物）; sub_score=★★★☆☆,FunctionPosition
FN_PF_02,GRAPH,CL_G_C06_PF,P / F  磷·氟,,电解液盐（P-F体系）,LiPF₆：Li⁺来源+PF₆⁻阴离子（宽电化学窗口4.5V）；F-的SEI膜成膜功能,perf,,,,,,,4,sub_path=LiFSI（双氟磺酰亚胺锂）：更稳定但贵3-5倍；LiTFSI：高温优但铝腐蚀; sub_score=★★★★☆,FunctionPosition
FN_PF_03,GRAPH,CL_G_C06_PF,P / F  磷·氟,,含氟聚合物结构材料（F）,C-F键强（544kJ/mol）；F原子小的空间屏蔽效应；高度憎水性；化学惰性极强,perf,,,,,,,2,sub_path=硅橡胶（部分温度范围）；PEEK（高温结构）；无完全替代; sub_score=★★☆☆☆,FunctionPosition
FN_TIZRHF_01,GRAPH,CL_G_C07_TIZRHF,Ti / Zr / Hf  钛·锆·铪,,航空轻量化结构（Ti）,密排六方HCP→BCC相变（882°C）；Al/V合金化兼顾轻质和高强；Ti-Al键氧化物钝化,perf,,,,,,,2,sub_path=CFRP（更高比强度，更贵）；高强Al合金（低成本，低强度）; sub_score=★★☆☆☆,FunctionPosition
FN_TIZRHF_02,GRAPH,CL_G_C07_TIZRHF,Ti / Zr / Hf  钛·锆·铪,,核工业包壳（Zr）,Zr热中子吸收截面极低（0.18靶，vs Fe的2.56靶）；锆合金（Zircaloy）兼顾耐腐蚀与强度,perf,,,,,,,1,sub_path=无可替代材料（SiC包壳，TRL5-6，仍处于研究阶段）; sub_score=★☆☆☆☆,FunctionPosition
FN_TIZRHF_03,GRAPH,CL_G_C07_TIZRHF,Ti / Zr / Hf  钛·锆·铪,,High-K介质层（Hf）,HfO₂介电常数25（vs SiO₂的3.9）；等效氧化物厚度EOT可降至<1nm,perf,,,,,,,1,sub_path=ZrO₂（备选，介电常数~20，略低）；La₂O₃（高k但不稳定）；实质无替代; sub_score=★☆☆☆☆,FunctionPosition
FN_REF_01,GRAPH,CL_G_C08_REFRACTORY,Cr/Mo/W/V/Nb/Ta  高熔点强化族,,硬质合金/刀具（W）,WC-Co共晶：WC硬度9.5（vs金刚石10），Co粘结相提供韧性；纳米结构WC晶粒控制,perf,,,,,,,2,sub_path=立方氮化硼（cBN，高温切削钢件）；陶瓷刀具（Al₂O₃/Si₃N₄）; sub_score=★★☆☆☆,FunctionPosition
FN_REF_02,GRAPH,CL_G_C08_REFRACTORY,Cr/Mo/W/V/Nb/Ta  高熔点强化族,,钒流电池储能（V）,V²⁺/V³⁺（负极）和VO²⁺/VO₂⁺（正极）四价态氧化还原；同种元素两极防交叉污染,perf,,,,,,,2,sub_path=液流电池内：Fe-Cr流电（更便宜但混液问题）；Li电池（移动场景）; sub_score=★★☆☆☆（固定大型储能场景）,FunctionPosition
FN_REF_03,GRAPH,CL_G_C08_REFRACTORY,Cr/Mo/W/V/Nb/Ta  高熔点强化族,,高温合金强化（Cr/Mo/W/Ta）,Cr：形成Cr₂O₃保护氧化层（热腐蚀防护）；Mo/W：固溶强化+MC碳化物析出；Ta：γ'相稳定,perf,,,,,,,2,sub_path=SiC/SiC陶瓷基复合材料（CMC，TRL7-8，部分GE9X已使用）; sub_score=★★☆☆☆,FunctionPosition
FN_MGCA_01,GRAPH,CL_G_C09_MGCA,Mg / Ca  镁·钙,,超轻量化结构（Mg）,HCP密排六方结构；时效强化（Mg-Zn-RE体系）；比钢轻75%，比铝轻36%,perf,,,,,,,4,sub_path=铝合金（成形性更好）；CFRP（更高比强度）；高强钢（成本更低）; sub_score=★★★★☆,FunctionPosition
FN_MGCA_02,GRAPH,CL_G_C09_MGCA,Mg / Ca  镁·钙,,冶金辅助剂（Ca）,Ca脱氧能力极强（ΔG°形成CaO=-604kJ/mol）；CaO碱性炉渣（CaO/SiO₂比=碱度）,perf,,,,,,,1,sub_path=无实质替代（冶金碱性炉渣的核心组分）; sub_score=★☆☆☆☆,FunctionPosition
FN_MGCA_03,GRAPH,CL_G_C09_MGCA,Mg / Ca  镁·钙,,下一代电池负极（Mg）,Mg²⁺沉积：无枝晶倾向（热力学稳定性高于Li）；理论比容量2205mAh/g（Li的57%）,perf,,,,,,,2,sub_path=锂金属负极（Li²⁺单价，更成熟）；锌负极（水系电池）; sub_score=★★☆☆☆（长期有潜力）,FunctionPosition
FN_AGAU_01,GRAPH,CL_G_C10_AGAU,Ag / Au  银·金,,光伏银浆（Ag）,Ag浆印刷→烧结穿透SiNx抗反射膜→与Si晶格形成良好欧姆接触；银的低接触电阻（<0.1mΩ·cm²）,perf,,,,,,,3,sub_path=铜电极（TRL5-6，HJT电池路线）；铝电极（背面）；超低银浆配方; sub_score=★★★☆☆,FunctionPosition
FN_AGAU_02,GRAPH,CL_G_C10_AGAU,Ag / Au  银·金,,高可靠封装键合（Au）,Au线热压焊：Au-Al金属间化合物（无自然氧化层，直接冷焊）；高温高湿下无腐蚀,perf,,,,,,,6,sub_path=Cu键合线（已在消费电子替代Au，成本降低75%）；Ag合金线（部分替代）; sub_score=★★★★☆（消费电子），★★☆☆☆（军用/高可靠）,FunctionPosition
FN_AGAU_03,GRAPH,CL_G_C10_AGAU,Ag / Au  银·金,,电接触材料（Ag）,Ag导电率最高+接触电阻最低；Ag₂O室温自还原（oxide reduction self-repairing）,perf,,,,,,,2,sub_path=AgNi→CuNi（降Ag）；真空触断技术（无需触点材料）; sub_score=★★☆☆☆,FunctionPosition
FN_PGM_01,GRAPH,CL_G_C11_PGM,Pt / Pd / Rh / Ru / Ir  铂族,,汽车三效催化（Pt/Pd/Rh）,Pt/Pd氧化CO和HC；Rh还原NOₓ；堇青石蜂窝载体，BET表面积~150m²/g,perf,,,,,,,3,sub_path=电动化（BEV直接消除排放）；SCR+DOC（非贵金属体系，但仅柴油）; sub_score=★★★☆☆（EV渗透长期替代）,FunctionPosition
FN_PGM_02,GRAPH,CL_G_C11_PGM,Pt / Pd / Rh / Ru / Ir  铂族,,PEM燃料电池/电解槽（Pt/Ir）,Pt：H₂氧化（阳极）和O₂还原（阴极）高活性电催化；Ir：析氧反应（PEM电解槽阳极）,perf,,,,,,,3,sub_path=Fe-N-C非贵金属催化剂（TRL4-5，活性差距10倍）；碱性AWE（无需Ir）; sub_score=★★☆☆☆（Pt），★☆☆☆☆（Ir-PEM阳极）,FunctionPosition
FN_PGM_03,GRAPH,CL_G_C11_PGM,Pt / Pd / Rh / Ru / Ir  铂族,,精细化工催化（Pt/Ru/Rh）,Pt：加氢/重整均相催化；Ru：NH₃合成改性催化剂；Rh：Monsanto法甲醇羰基化,perf,,,,,,,2,sub_path=廉价金属催化（Ni/Co/Fe）活性差但已够用于部分工艺；无通用替代; sub_score=★★☆☆☆,FunctionPosition
FN_ZNSNPB_01,GRAPH,CL_G_C12_ZNSNPB,Zn / Sn / Pb  锌·锡·铅,,防腐镀层（Zn）,Zn/Fe原电池：Zn作牺牲阳极（电极电位更负）保护Fe；热镀锌/电镀锌形成致密Zn/Zn-Fe合金层,perf,,,,,,,3,sub_path=有机涂料（环氧/聚氨酯）；不锈钢（耐蚀合金）；铝合金; sub_score=★★★☆☆,FunctionPosition
FN_ZNSNPB_02,GRAPH,CL_G_C12_ZNSNPB,Zn / Sn / Pb  锌·锡·铅,,无铅焊料（Sn基）,Sn-Ag-Cu（SAC）合金：共晶点217°C；低熔点+良好润湿性；RoHS驱动替代Sn-Pb,perf,,,,,,,3,sub_path=低温焊料（Bi基）；导电胶（Ag颗粒分散）；超声波焊接（无焊料）; sub_score=★★★☆☆,FunctionPosition
FN_ZNSNPB_03,GRAPH,CL_G_C12_ZNSNPB,Zn / Sn / Pb  锌·锡·铅,,铅酸储能（Pb）,Pb/PbO₂电极对；2V/单体（标准电压最稳定）；H₂SO₄电解液；深成熟技术,perf,,,,,,,6,sub_path=锂电（深度替代中）；超级电容（功率场景）；Ni-MH（部分替代）; sub_score=★★★★☆（移动储能），★★☆☆☆（固定+启动）,FunctionPosition
FN_SCLS_01,GRAPH,CL_G_C13_SCLS,S / Cl  硫·氯,,湿法冶金中间体（S）,H₂SO₄溶浸矿石（铜矿/镍矿/锂矿浸出）；与金属形成可溶硫酸盐便于提取,perf,,,,,,,1,sub_path=无通用替代（H₂SO₄的酸性和氧化性组合独特）; sub_score=★☆☆☆☆,FunctionPosition
FN_SCLS_02,GRAPH,CL_G_C13_SCLS,S / Cl  硫·氯,,氯碱基础化工（Cl）,NaCl电解：2NaCl+2H₂O→Cl₂+H₂+2NaOH；三品（Cl₂/H₂/NaOH）支撑整个基础化工链,perf,,,,,,,1,sub_path=无通用替代（下游化学品重构才能绕开Cl₂）; sub_score=★☆☆☆☆,FunctionPosition
FN_SCLS_03,GRAPH,CL_G_C13_SCLS,S / Cl  硫·氯,,Li-S电池正极（S）,S→Li₂S：理论比容量1675mAh/g（S最高之一）；无Ni/Co/Mn等稀缺元素,perf,,,,,,,2,sub_path=不适合替代Li电池体系（是全新化学路线）；固态Li-S可改善穿梭效应（TRL3-4）; sub_score=★★☆☆☆（技术成熟后弹性降低）,FunctionPosition
FN_UTH_01,GRAPH,CL_G_C14_UTHF,U / Th  铀·钍,,核裂变燃料（U）,U-235中子诱发裂变：n+²³⁵U→裂变碎片+2-3n+能量；链式反应维持临界态,perf,,,,,,,1,sub_path=Th-232→U-233循环（TRL3-4）；聚变（终极替代，TRL4-5，50年+）; sub_score=★☆☆☆☆,FunctionPosition
FN_UTH_02,GRAPH,CL_G_C14_UTHF,U / Th  铀·钍,,SMR紧凑型核电（U）,小型模块化反应堆（300MW以下）；工厂预制、模块化部署；部分采用高浓铀（HALEU）,perf,,,,,,,1,sub_path=大型核电（已验证）；天然气/储能（碳排放更高）; sub_score=★☆☆☆☆（核电功能位）,FunctionPosition
FN_UTH_03,GRAPH,CL_G_C14_UTHF,U / Th  铀·钍,,钍循环增殖（Th）,Th-232+n→Pa-233→U-233（可裂变）；Th不直接裂变，需U-233点火,perf,,,,,,,2,sub_path=铀燃料循环（成熟路线）；无商业竞争替代（钍循环互补而非竞争）; sub_score=★★☆☆☆（长期）,FunctionPosition
FN_REE_01,GRAPH,CL_G_C15_REE,稀土  Nd/Pr/Dy/Tb/La/Ce,,永磁体主磁相（Nd/Pr）,Nd₂Fe₁₄B四方结构；4f电子产生磁晶各向异性（Ha=7T）；Pr可与Nd互换（约20%比例）,perf,,,,,,,2,sub_path=SmCo（更耐高温但成本×2-3）；铁氧体（磁能积差90%）；无稀土FeN（TRL3-4）; sub_score=★★☆☆☆,FunctionPosition
FN_REE_02,GRAPH,CL_G_C15_REE,稀土  Nd/Pr/Dy/Tb/La/Ce,,晶界硬化（Dy/Tb）,Dy/Tb偏析于NdFeB晶界；提高晶界处的局域各向异性场；矫顽力翻倍（900→2000kA/m）,perf,,,,,,,1,sub_path=晶界扩散技术（减少Dy用量15-25%，工艺know-how）；高矫顽力NdFeB配方优化; sub_score=★☆☆☆☆（高温场景）,FunctionPosition
FN_REE_03,GRAPH,CL_G_C15_REE,稀土  Nd/Pr/Dy/Tb/La/Ce,,储氢/催化/发光（La/Ce）,La-Ni：AB₅型储氢合金（La→Ni格间隙储H）；CeO₂储氧能力（Ce³⁺/Ce⁴⁺可逆）；Eu³⁺红光,perf,,,,,,,3,sub_path=La：NiMH被Li电逐步替代（中长期）；Ce催化被非稀土催化部分替代; sub_score=★★★☆☆,FunctionPosition
FN_GAGEIN_01,GRAPH,CL_G_C16_GAGEIN,Ga / Ge / In  战略小金属,,GaN功率/射频器件（Ga）,GaN禁带3.4eV→临界击穿场10MV/cm（Si的10倍）；异质结2DEG电子气高迁移率,perf,,,,,,,2,sub_path=SiC（竞争路线，高压场景）；GaN on Si（成本降低，消费市场已主流）; sub_score=★★☆☆☆,FunctionPosition
FN_GAGEIN_02,GRAPH,CL_G_C16_GAGEIN,Ga / Ge / In  战略小金属,,红外光学/光通信（Ge）,Ge间接带隙0.67eV：红外透过范围2-15μm（独特光学窗口）；SiGe异质结加速,perf,,,,,,,5,sub_path=ZnS（红外窗口，成本低但热强度差）；Si（<6μm范围）; sub_score=★★☆☆☆（军用），★★★☆☆（民用光纤）,FunctionPosition
FN_GAGEIN_03,GRAPH,CL_G_C16_GAGEIN,Ga / Ge / In  战略小金属,,ITO透明导电膜（In）,In₂O₃:Sn（ITO）：高透过率(>85%@550nm)+低电阻率(10⁻⁴Ω·cm)；溅射成膜,perf,,,,,,,5,sub_path=AZO（氧化锌铝，成本低，柔性差）；纳米银线（柔性优）；石墨烯（TRL4-5）; sub_score=★★★☆☆（刚性屏），★★☆☆☆（柔性屏）,FunctionPosition
FN_LINA_01,GRAPH,CL_G_C17_LINA,Li / Na  储能离子,,载流离子（Li⁺）,Li⁺嵌入石墨负极（LiC₆）和正极（NMC/LFP脱嵌）；小离子半径（0.76Å）→高迁移率,perf,,,,,,,2,sub_path=Na⁺（半径1.02Å，更大；能量密度70%）；Mg²⁺（价研二阶双价，动力学慢）; sub_score=★★☆☆☆（高能量密度场景）,FunctionPosition
FN_LINA_02,GRAPH,CL_G_C17_LINA,Li / Na  储能离子,,固态电解质（Li）,固态电解质（LGPS/LLZO/硫化物）中Li⁺沿特定晶格通道迁移；消除液态电解质,perf,,,,,,,2,sub_path=液态电解液（成熟）；聚合物固态（低导电率）；氧化物固态（脆性大）; sub_score=★★☆☆☆,FunctionPosition
FN_LINA_03,GRAPH,CL_G_C17_LINA,Li / Na  储能离子,,低成本储能载体（Na⁺）,Na⁺（1.02Å）在NASICON结构/层状氧化物中嵌脱；碳酸钠/NaCl资源极丰富,perf,,,,,,,3,sub_path=Li电（高能量密度）；铅酸（极低成本）；液流电池（大规模储能）; sub_score=★★★☆☆（Na替代Li在低端场景）,FunctionPosition
FN_CU_01,GRAPH,CL_G_C18_CU,Cu  铜,,电流传输,3d¹⁰满轨道：自由电子散射最少；电阻率1.72μΩ·cm（仅Ag的1.56μΩ·cm更低）,perf,,,,,,,4,sub_path=Al（输电线轻量化）；超导体（特殊场景）；CNT（研究阶段）; sub_score=★★★☆☆（输电），★☆☆☆☆（PCB/电机绕组）,FunctionPosition
FN_CU_02,GRAPH,CL_G_C18_CU,Cu  铜,,电池集流体（铜箔）,Cu在负极电位范围内稳定（不与Li合金化）；4-8μm超薄箔保证集流体重量最小,perf,,,,,,,1,sub_path=复合铜箔（PET/Cu/PET，更薄但工艺复杂）；Al只能用正极集流体; sub_score=★☆☆☆☆（负极集流体这一功能位）,FunctionPosition
FN_CU_03,GRAPH,CL_G_C18_CU,Cu  铜,,热管理（铜管/均热板）,热导率385W/m·K（是Al的1.6倍）；铜-水热管（毛细驱动）；均热板扩展热流,perf,,,,,,,2,sub_path=金刚石铜复合（特殊功率场景）；铝（低密度，热导率略低）; sub_score=★★☆☆☆,FunctionPosition
FN_NICOMN_01,GRAPH,CL_G_C19_NICOMN,Ni / Co / Mn  电池三元素,,三元正极高能量密度（Ni主导）,Ni²⁺→Ni⁴⁺：高比容量（NMC90：220mAh/g）；Co维持结构；Mn降本+循环稳定,perf,,,,,,,3,sub_path=LFP（安全性优先场景）；LMFP（能量密度居中）；全固态（将改变正极配方逻辑）; sub_score=★★★☆☆（Ni可用LMFP部分替代，Co可降至<5%）,FunctionPosition
FN_NICOMN_02,GRAPH,CL_G_C19_NICOMN,Ni / Co / Mn  电池三元素,,镍基高温合金（Ni/Co/Mo/W）,Ni FCC结构高温稳定；γ'/γ''（Ni₃Al/Ni₃Nb）析出相强化；Co增加γ'溶解温度,perf,,,,,,,2,sub_path=SiC/SiC陶瓷基复合（CMC，TRL7-8，GE9X风扇叶片已用）; sub_score=★★☆☆☆（航发热端件）,FunctionPosition
FN_NICOMN_03,GRAPH,CL_G_C19_NICOMN,Ni / Co / Mn  电池三元素,,LMFP正极新路线（Mn）,LiMn_xFe_(1-x)PO₄：Mn²⁺/Mn³⁺将平台电压从3.4V（LFP）提至3.8V,perf,,,,,,,3,sub_path=LFP（成熟，低成本）；NMC（高能量密度）；LMFP是中间路线; sub_score=★★★☆☆,FunctionPosition
FN_SI_01,GRAPH,CL_G_C20_SI,Si  硅,,CMOS逻辑器件基底,1.12eV带隙→室温本征载流子浓度适中（10¹⁰/cm³）；栅极电压精确控制开关；HfO₂替代SiO₂@7nm以下,perf,,,,,,,1,sub_path=GaAs（GHz频率电路）；InP（太赫兹）；Ge（高迁移率）；量子比特（50年+）; sub_score=★☆☆☆☆（逻辑芯片）,FunctionPosition
FN_SI_02,GRAPH,CL_G_C20_SI,Si  硅,,光伏吸光转换,禁带1.12eV→最接近太阳光谱Shockley-Queisser极限最优带隙（1.34eV）；p-n结内建电场分离载流子,perf,,,,,,,2,sub_path=钙钛矿-Si叠层（理论43%，TRL6-7）；CdTe（低成本薄膜）; sub_score=★★☆☆☆（光伏）,FunctionPosition
FN_SI_03,GRAPH,CL_G_C20_SI,Si  硅,,Si@C复合负极（电池）,Si理论比容量3590mAh/g（vs石墨372）；体积膨胀300%→纳米化+C包覆抑制粉化,perf,,,,,,,3,sub_path=纯石墨（成熟，循环好）；锡基（Sn容量较高但更贵）；Li金属（固态）; sub_score=★★★☆☆,FunctionPosition
S_Cl_FP_01,ONTOLOGY_SUPPLEMENT,CL_O_S_Cl,硫氯（S/Cl）,CHEMICAL_BASE,湿法冶金中间体（S）,H₂SO₄溶浸矿石（铜矿/镍矿/锂矿浸出）；与金属形成可溶硫酸盐便于提取,perf,,,,,,,1,backfilled from FN_SCLS_01; sub_path=无通用替代（H₂SO₄的酸性和氧化性组合独特）; sub_score=★☆☆☆☆ | V2.3 typed substitution rows added,FunctionPosition
S_Cl_FP_02,ONTOLOGY_SUPPLEMENT,CL_O_S_Cl,硫氯（S/Cl）,CHEMICAL_BASE,氯碱基础化工（Cl）,NaCl电解：2NaCl+2H₂O→Cl₂+H₂+2NaOH；三品（Cl₂/H₂/NaOH）支撑整个基础化工链,perf,,,,,,,1,backfilled from FN_SCLS_02; sub_path=无通用替代（下游化学品重构才能绕开Cl₂）; sub_score=★☆☆☆☆ | V2.3 typed substitution rows added,FunctionPosition
S_Cl_FP_03,ONTOLOGY_SUPPLEMENT,CL_O_S_Cl,硫氯（S/Cl）,ELECTROCHEMICAL,Li-S电池正极（S）,S→Li₂S：理论比容量1675mAh/g（S最高之一）；无Ni/Co/Mn等稀缺元素,perf,,,,,,,2,backfilled from FN_SCLS_03; sub_path=不适合替代Li电池体系（是全新化学路线）；固态Li-S可改善穿梭效应（TRL3-4）; sub_score=★★☆☆☆（技术成熟后弹性降低） | V2.3 typed substitution rows added,FunctionPosition
U_Th_FP_01,ONTOLOGY_SUPPLEMENT,CL_O_U_Th,铀钍（U/Th）,NUCLEAR,核裂变燃料（U）,U-235中子诱发裂变：n+²³⁵U→裂变碎片+2-3n+能量；链式反应维持临界态,perf,,,,,,,1,backfilled from FN_UTH_01; sub_path=Th-232→U-233循环（TRL3-4）；聚变（终极替代，TRL4-5，50年+）; sub_score=★☆☆☆☆ | V2.3 typed substitution rows added,FunctionPosition
U_Th_FP_02,ONTOLOGY_SUPPLEMENT,CL_O_U_Th,铀钍（U/Th）,NUCLEAR,SMR紧凑型核电（U）,小型模块化反应堆（300MW以下）；工厂预制、模块化部署；部分采用高浓铀（HALEU）,perf,,,,,,,1,backfilled from FN_UTH_02; sub_path=大型核电（已验证）；天然气/储能（碳排放更高）; sub_score=★☆☆☆☆（核电功能位） | V2.3 typed substitution rows added,FunctionPosition
U_Th_FP_03,ONTOLOGY_SUPPLEMENT,CL_O_U_Th,铀钍（U/Th）,NUCLEAR,钍循环增殖（Th）,Th-232+n→Pa-233→U-233（可裂变）；Th不直接裂变，需U-233点火,perf,,,,,,,2,backfilled from FN_UTH_03; sub_path=铀燃料循环（成熟路线）；无商业竞争替代（钍循环互补而非竞争）; sub_score=★★☆☆☆（长期） | V2.3 typed substitution rows added,FunctionPosition
REE_FP_01,ONTOLOGY_SUPPLEMENT,CL_O_REE,稀土（Nd/Pr/Dy/Tb/La/Ce）,MAGNETIC,永磁体主磁相（Nd/Pr）,Nd₂Fe₁₄B四方结构；4f电子产生磁晶各向异性（Ha=7T）；Pr可与Nd互换（约20%比例）,perf,,,,,,,2,backfilled from FN_REE_01; sub_path=SmCo（更耐高温但成本×2-3）；铁氧体（磁能积差90%）；无稀土FeN（TRL3-4）; sub_score=★★☆☆☆ | V2.3 typed substitution rows added,FunctionPosition
REE_FP_02,ONTOLOGY_SUPPLEMENT,CL_O_REE,稀土（Nd/Pr/Dy/Tb/La/Ce）,MAGNETIC,晶界硬化（Dy/Tb）,Dy/Tb偏析于NdFeB晶界；提高晶界处的局域各向异性场；矫顽力翻倍（900→2000kA/m）,perf,,,,,,,1,backfilled from FN_REE_02; sub_path=晶界扩散技术（减少Dy用量15-25%，工艺know-how）；高矫顽力NdFeB配方优化; sub_score=★☆☆☆☆（高温场景） | V2.3 typed substitution rows added,FunctionPosition
REE_FP_03,ONTOLOGY_SUPPLEMENT,CL_O_REE,稀土（Nd/Pr/Dy/Tb/La/Ce）,CHEMICAL_BASE,储氢/催化/发光（La/Ce）,La-Ni：AB₅型储氢合金（La→Ni格间隙储H）；CeO₂储氧能力（Ce³⁺/Ce⁴⁺可逆）；Eu³⁺红光,perf,,,,,,,3,backfilled from FN_REE_03; sub_path=La：NiMH被Li电逐步替代（中长期）；Ce催化被非稀土催化部分替代; sub_score=★★★☆☆ | V2.3 typed substitution rows added,FunctionPosition
Ga_Ge_In_FP_01,ONTOLOGY_SUPPLEMENT,CL_O_Ga_Ge_In,战略小金属（Ga/Ge/In）,SEMICONDUCTOR,GaN功率/射频器件（Ga）,GaN禁带3.4eV→临界击穿场10MV/cm（Si的10倍）；异质结2DEG电子气高迁移率,perf,,,,,,,2,backfilled from FN_GAGEIN_01; sub_path=SiC（竞争路线，高压场景）；GaN on Si（成本降低，消费市场已主流）; sub_score=★★☆☆☆ | V2.3 typed substitution rows added,FunctionPosition
Ga_Ge_In_FP_02,ONTOLOGY_SUPPLEMENT,CL_O_Ga_Ge_In,战略小金属（Ga/Ge/In）,SEMICONDUCTOR,红外光学/光通信（Ge）,Ge间接带隙0.67eV：红外透过范围2-15μm（独特光学窗口）；SiGe异质结加速,perf,,,,,,,5,backfilled from FN_GAGEIN_02; sub_path=ZnS（红外窗口，成本低但热强度差）；Si（<6μm范围）; sub_score=★★☆☆☆（军用），★★★☆☆（民用光纤） | V2.3 typed substitution rows added,FunctionPosition
Ga_Ge_In_FP_03,ONTOLOGY_SUPPLEMENT,CL_O_Ga_Ge_In,战略小金属（Ga/Ge/In）,SEMICONDUCTOR,ITO透明导电膜（In）,In₂O₃:Sn（ITO）：高透过率(>85%@550nm)+低电阻率(10⁻⁴Ω·cm)；溅射成膜,perf,,,,,,,5,backfilled from FN_GAGEIN_03; sub_path=AZO（氧化锌铝，成本低，柔性差）；纳米银线（柔性优）；石墨烯（TRL4-5）; sub_score=★★★☆☆（刚性屏），★★☆☆☆（柔性屏） | V2.3 typed substitution rows added,FunctionPosition
Li_Na_FP_01,ONTOLOGY_SUPPLEMENT,CL_O_Li_Na,储能离子（Li/Na）,ELECTROCHEMICAL,载流离子（Li⁺）,Li⁺嵌入石墨负极（LiC₆）和正极（NMC/LFP脱嵌）；小离子半径（0.76Å）→高迁移率,perf,,,,,,,2,backfilled from FN_LINA_01; sub_path=Na⁺（半径1.02Å，更大；能量密度70%）；Mg²⁺（价研二阶双价，动力学慢）; sub_score=★★☆☆☆（高能量密度场景） | V2.3 typed substitution rows added,FunctionPosition
Li_Na_FP_02,ONTOLOGY_SUPPLEMENT,CL_O_Li_Na,储能离子（Li/Na）,ELECTROCHEMICAL,固态电解质（Li）,固态电解质（LGPS/LLZO/硫化物）中Li⁺沿特定晶格通道迁移；消除液态电解质,perf,,,,,,,2,backfilled from FN_LINA_02; sub_path=液态电解液（成熟）；聚合物固态（低导电率）；氧化物固态（脆性大）; sub_score=★★☆☆☆ | V2.3 typed substitution rows added,FunctionPosition
Li_Na_FP_03,ONTOLOGY_SUPPLEMENT,CL_O_Li_Na,储能离子（Li/Na）,ELECTROCHEMICAL,低成本储能载体（Na⁺）,Na⁺（1.02Å）在NASICON结构/层状氧化物中嵌脱；碳酸钠/NaCl资源极丰富,perf,,,,,,,3,backfilled from FN_LINA_03; sub_path=Li电（高能量密度）；铅酸（极低成本）；液流电池（大规模储能）; sub_score=★★★☆☆（Na替代Li在低端场景） | V2.3 typed substitution rows added,FunctionPosition
Cu_FP_01,ONTOLOGY_SUPPLEMENT,CL_O_Cu,铜（Cu）,NUCLEAR,电流传输,3d¹⁰满轨道：自由电子散射最少；电阻率1.72μΩ·cm（仅Ag的1.56μΩ·cm更低）,perf,,,,,,,4,backfilled from FN_CU_01; sub_path=Al（输电线轻量化）；超导体（特殊场景）；CNT（研究阶段）; sub_score=★★★☆☆（输电），★☆☆☆☆（PCB/电机绕组） | V2.3 typed substitution rows added,FunctionPosition
Cu_FP_02,ONTOLOGY_SUPPLEMENT,CL_O_Cu,铜（Cu）,NUCLEAR,电池集流体（铜箔）,Cu在负极电位范围内稳定（不与Li合金化）；4-8μm超薄箔保证集流体重量最小,perf,,,,,,,1,backfilled from FN_CU_02; sub_path=复合铜箔（PET/Cu/PET，更薄但工艺复杂）；Al只能用正极集流体; sub_score=★☆☆☆☆（负极集流体这一功能位） | V2.3 typed substitution rows added,FunctionPosition
Cu_FP_03,ONTOLOGY_SUPPLEMENT,CL_O_Cu,铜（Cu）,NUCLEAR,热管理（铜管/均热板）,热导率385W/m·K（是Al的1.6倍）；铜-水热管（毛细驱动）；均热板扩展热流,perf,,,,,,,2,backfilled from FN_CU_03; sub_path=金刚石铜复合（特殊功率场景）；铝（低密度，热导率略低）; sub_score=★★☆☆☆ | V2.3 typed substitution rows added,FunctionPosition
Ni_Co_Mn_FP_01,ONTOLOGY_SUPPLEMENT,CL_O_Ni_Co_Mn,电池三元素（Ni/Co/Mn）,ELECTROCHEMICAL,三元正极高能量密度（Ni主导）,Ni²⁺→Ni⁴⁺：高比容量（NMC90：220mAh/g）；Co维持结构；Mn降本+循环稳定,perf,,,,,,,3,backfilled from FN_NICOMN_01; sub_path=LFP（安全性优先场景）；LMFP（能量密度居中）；全固态（将改变正极配方逻辑）; sub_score=★★★☆☆（Ni可用LMFP部分替代，Co可降至<5%） | V2.3 typed substitution rows added,FunctionPosition
Ni_Co_Mn_FP_02,ONTOLOGY_SUPPLEMENT,CL_O_Ni_Co_Mn,电池三元素（Ni/Co/Mn）,HIGH_TEMP,镍基高温合金（Ni/Co/Mo/W）,Ni FCC结构高温稳定；γ'/γ''（Ni₃Al/Ni₃Nb）析出相强化；Co增加γ'溶解温度,perf,,,,,,,2,backfilled from FN_NICOMN_02; sub_path=SiC/SiC陶瓷基复合（CMC，TRL7-8，GE9X风扇叶片已用）; sub_score=★★☆☆☆（航发热端件） | V2.3 typed substitution rows added,FunctionPosition
Ni_Co_Mn_FP_03,ONTOLOGY_SUPPLEMENT,CL_O_Ni_Co_Mn,电池三元素（Ni/Co/Mn）,ELECTROCHEMICAL,LMFP正极新路线（Mn）,LiMn_xFe_(1-x)PO₄：Mn²⁺/Mn³⁺将平台电压从3.4V（LFP）提至3.8V,perf,,,,,,,3,backfilled from FN_NICOMN_03; sub_path=LFP（成熟，低成本）；NMC（高能量密度）；LMFP是中间路线; sub_score=★★★☆☆ | V2.3 typed substitution rows added,FunctionPosition
Si_FP_01,ONTOLOGY_SUPPLEMENT,CL_O_Si,硅（Si）,SEMICONDUCTOR,CMOS逻辑器件基底,1.12eV带隙→室温本征载流子浓度适中（10¹⁰/cm³）；栅极电压精确控制开关；HfO₂替代SiO₂@7nm以下,perf,,,,,,,1,backfilled from FN_SI_01; sub_path=GaAs（GHz频率电路）；InP（太赫兹）；Ge（高迁移率）；量子比特（50年+）; sub_score=★☆☆☆☆（逻辑芯片） | V2.3 typed substitution rows added,FunctionPosition
Si_FP_02,ONTOLOGY_SUPPLEMENT,CL_O_Si,硅（Si）,SEMICONDUCTOR,光伏吸光转换,禁带1.12eV→最接近太阳光谱Shockley-Queisser极限最优带隙（1.34eV）；p-n结内建电场分离载流子,perf,,,,,,,2,backfilled from FN_SI_02; sub_path=钙钛矿-Si叠层（理论43%，TRL6-7）；CdTe（低成本薄膜）; sub_score=★★☆☆☆（光伏） | V2.3 typed substitution rows added,FunctionPosition
Si_FP_03,ONTOLOGY_SUPPLEMENT,CL_O_Si,硅（Si）,SEMICONDUCTOR,Si@C复合负极（电池）,Si理论比容量3590mAh/g（vs石墨372）；体积膨胀300%→纳米化+C包覆抑制粉化,perf,,,,,,,3,backfilled from FN_SI_03; sub_path=纯石墨（成熟，循环好）；锡基（Sn容量较高但更贵）；Li金属（固态）; sub_score=★★★☆☆ | V2.3 typed substitution rows added,FunctionPosition
