clock_id,source_origin,cluster_key,clock_type,reasoning,ntrigger_applicable,supply_t_yr,unit_g,trigger_units,current_units,ratio,conclusion,source_ref_id,external_source_url,evidence_type,evidence_detail,evidence_date,last_reviewed,confidence_score,confidence_band,freshness_penalty,impact_direction,time_sensitivity_level,impacted_scope,label
CLK_O_Fe,ONTOLOGY,CL_O_Fe,C,铁是文明级别基础金属。供应充足，全球分布广泛。战略关注点是工艺转型（绿色钢铁），而非资源稀缺。,False,,,,,,Fe是文明时钟级别的基础骨架元素，当前最重要的战略信号不是供应安全，而是碳约束驱动的工艺转型（绿色钢铁）和取向硅钢等高价值细分市场的技术壁垒构建。,SRC_EXT_001,https://taxation-customs.ec.europa.eu/carbon-border-adjustment-mechanism_en,GOV_REPORT,European Commission::European Commission CBAM official page,2026-01-14,2026-03-16,0.96,HIGH,0.0,POSITIVE,HIGH,铁/钢;绿色钢铁;取向硅钢;风电与储能结构件,StrategicClock
CLK_O_Al,ONTOLOGY,CL_O_Al,C,铝是文明级别基础金属，当前无供应安全问题。关键战略信号是新能源对铝箔（正极集流体）的不可替代需求增长和航空轻量化驱动。,False,,,,,,Al是文明时钟基础金属，投资价值在于高端细分（航空铝合金+锂电铝箔），而非原铝。锂电铝箔是Al在新能源场景中的不可替代功能位，是当前最值得关注的价值增长节点。,SRC_EXT_001,https://taxation-customs.ec.europa.eu/carbon-border-adjustment-mechanism_en,GOV_REPORT,European Commission::European Commission CBAM official page,2026-01-14,2026-03-16,0.96,HIGH,0.0,POSITIVE,HIGH,铝;电解铝;铝箔;轻量化与光伏边框,StrategicClock
CLK_O_C,ONTOLOGY,CL_O_C,I,C的不同功能位时钟不同：石墨负极=文明时钟（产能过剩）；SiC=投资时钟（EV拉动）；碳纤维=投资时钟（航空/风电）；冶金焦炭=文明时钟向绿色转型过渡。整体框架以投资时钟为主。,False,,,,,,C是多功能位元素，每个功能位战略时钟不同。最值得关注的价值节点：SiC衬底（投资时钟，供不应求）和碳纤维（寡占格局，Toray/东丽深护城河）；石墨负极当前过剩，需等待Si负极切换带来的结构重组机会。,SRC_EXT_003,https://exportcontrol.mofcom.gov.cn/article/zcfg/gnzcfg/zcfggzqd/202310/912.html,GOV_REPORT,Ministry of Commerce of the PRC::MOFCOM graphite export control announcement,2023-10-20,2026-03-16,0.86,MEDIUM_HIGH,0.1,MIXED,HIGH,石墨/SiC/碳纤维;负极;功率半导体;冶金焦,StrategicClock
CLK_O_H,ONTOLOGY,CL_O_H,I,绿氢成本2020年约6美元/kg，2030年目标2美元/kg（部分地区已<2美元）。投资时钟的触发点：绿氢在重工业场景（钢铁/化工/重卡）的成本平价约在2027-2032年。,True,95000000.0,1000000.0,200000000.0,1000000.0,200.0,H（氢）是投资时钟的新能源转型媒介元素，当前最关键约束是绿电成本（而非技术），2027-2032年是多个应用场景的成本平价窗口。最值得关注的价值节点：电解槽（Pt/Ir催化剂需求激增）和绿色DRI（钢铁脱碳必经路径）。,SRC_EXT_006,https://www.energy.gov/articles/clean-hydrogen-production-tax-credit-45v-resources,GOV_REPORT,U.S. Department of Energy::DOE Clean Hydrogen Production Tax Credit (45V) Resources,2024-01-01,2026-03-16,0.84,MEDIUM_HIGH,0.1,MIXED,HIGH,氢;电解槽;绿氢;钢铁/化工/重卡,StrategicClock
CLK_O_Ti_Zr_Hf,ONTOLOGY,CL_O_Ti_Zr_Hf,I+T,Ti：投资时钟——航空复苏+EV轻量化需求3-5年触发供需紧平衡；Hf：战术时钟——先进制程芯片依赖HfO₂，Hf年产仅80吨，半导体供应链安全已引起DoD关注。,True,80.0,0.001,80000000000000.0,20000000000.0,4000.0,Ti/Zr/Hf是三重战略元素簇，各有独特不可替代功能位：Ti是轻量化极端工况材料（投资时钟）；Zr是唯一可用于水冷核反应堆包壳的金属（核复兴催化剂）；Hf是先进制程芯片的不可绕过的物理约束（战术时钟，年产80吨是全球芯片文明的供应安全脆弱点）。,SRC_EXT_010,https://www.energy.gov/cmm/what-are-critical-minerals-and-materials,GOV_REPORT,U.S. Department of Energy::DOE critical materials list page,2025-03-19,2026-03-16,0.93,HIGH,0.0,MIXED,HIGH,Ti/Zr/Hf;航空材料;核电包壳;先进制程介质,StrategicClock
CLK_O_Cr_Mo_W_V_Nb_Ta,ONTOLOGY,CL_O_Cr_Mo_W_V_Nb_Ta,I+T,W/Mo=投资时钟（国防+制造业稳定增长）；Ta=战术时钟（刚果金地缘风险+电子需求）；V=投资时钟（液流电池拐点3-7年）；Nb=文明时钟（钢铁基础）,True,90000.0,20000.0,4500.0,200.0,22.5,Cr/Mo/W/V/Nb/Ta是极端工况和精密电子的战略元素族群，不同元素时钟差异大。最值得优先关注：V液流电池（投资时钟，N_trigger距触发22倍）、Ta供应链安全（刚果金地缘约束）、以及W硬质合金（被美国DoD指定为最高优先级关键矿物）。,SRC_EXT_010|SRC_EXT_012,https://www.energy.gov/cmm/what-are-critical-minerals-and-materials | https://eur-lex.europa.eu/EN/legal-content/summary/a-secure-and-sustainable-supply-of-critical-raw-materials.html,MULTI_SOURCE,U.S. Department of Energy::DOE critical materials list page ; EUR-Lex / European Union::EU Critical Raw Materials Act summary,2025-03-19,2026-03-16,0.94,HIGH,0.0,MIXED,HIGH,W/Mo/V/Nb/Ta;硬质合金;液流电池;电子电容,StrategicClock
CLK_O_PGM,ONTOLOGY,CL_O_PGM,I+T,Ir=战术时钟（PEM绿氢规模化即将触发Ir供应约束）；Rh=战术时钟（南非供应集中+汽车催化需求平稳但EV是长期威胁）；Pt/Pd=投资时钟（EV分流燃油车需求但H₂经济新增需求）,True,7.0,1500000.0,4.7,0.5,9.4,铂族元素在催化功能位的不可替代性世界第一，但需求端正在经历结构性重组：EV替代燃油车（减少Pd/Rh需求）与H₂经济兴起（增加Pt/Ir需求）同步发生。Ir是最值得战略关注的铂族元素——当前全球年产仅7吨，PEM绿氢的规模化将在2027-2030年触发严重供应瓶颈。,SRC_EXT_006,https://www.energy.gov/articles/clean-hydrogen-production-tax-credit-45v-resources,GOV_REPORT,U.S. Department of Energy::DOE Clean Hydrogen Production Tax Credit (45V) Resources,2024-01-01,2026-03-16,0.84,MEDIUM_HIGH,0.1,MIXED,HIGH,Pt/Pd/Rh/Ir;电解槽;燃料电池;汽车催化,StrategicClock
CLK_O_Ag_Au,ONTOLOGY,CL_O_Ag_Au,I,Ag=投资时钟（光伏银浆需求高增长 vs 铜浆替代的竞争压力，3-7年窗口期）；Au=文明时钟（储值功能稳定，工业用途被Cu/Ag替代趋势持续）,False,,,,,,Ag在光伏银浆功能位处于投资时钟与技术替代的交汇点——2024-2027年是银浆需求峰值期，之后铜浆逐步蚕食市场份额；Au在工业电子场景持续萎缩，但货币/储值功能和高可靠性军用场景维持稳定需求。光伏银浆企业（贺利氏/杜邦/苏州固锝）的技术路线选择是当前最值得跟踪的战略信号。,SRC_001,,INTERNAL_STRUCTURED_SOURCE,Internal ONTOLOGY knowledge package; no external link attached in V2.5-B,2026-03-16,2026-03-16,0.68,MEDIUM,0.0,MIXED,MEDIUM,Ag/Au;光伏银浆;高可靠电子,StrategicClock
CLK_O_P_F,ONTOLOGY,CL_O_P_F,I+T,F=战术时钟（中国萤石管制+PFAS监管双重触发）；P=投资时钟（LFP增长+峰值磷长期关注）,False,,,,,,P/F是电池化工和半导体制程的关键配位元素，当前最重要的战略信号是双重的：萤石中国出口管制（供应侧约束）+PFAS欧盟监管（需求侧替代驱动）共同压缩含氟产品的战略窗口。最值得关注的价值洼地：PFAS替代材料研发（监管驱动的市场结构重组）和电子级HF提纯能力（半导体供应链核心）。,SRC_EXT_010,https://www.energy.gov/cmm/what-are-critical-minerals-and-materials,GOV_REPORT,U.S. Department of Energy::DOE critical materials list page,2025-03-19,2026-03-16,0.93,HIGH,0.0,MIXED,HIGH,P/F;LFP/PVDF/HF;电池与含氟化工,StrategicClock
CLK_O_Zn_Sn_Pb,ONTOLOGY,CL_O_Zn_Sn_Pb,C→I,Zn/Pb=文明时钟（需求稳定但Pb面临结构性下降）；Sn=投资时钟（PCB/EV焊料增量需求+缅甸供应风险叠加）,False,,,,,,Zn/Sn/Pb是成熟工业元素簇，各自面临不同的战略态势：Zn（文明时钟，防腐需求稳定）；Sn（投资时钟，EV/AI PCB需求增长+缅甸供应风险）；Pb（文明时钟转衰退，监管+锂电替代是确定性趋势）。Sn是三者中唯一具有近期投资价值的元素。,SRC_EXT_007,https://eur-lex.europa.eu/EN/legal-content/summary/sustainability-rules-for-batteries-and-waste-batteries.html,GOV_REPORT,EUR-Lex / European Union::EU Batteries Regulation summary,2025-07-04,2026-03-16,0.94,HIGH,0.0,MIXED,HIGH,Zn/Sn/Pb;镀锌;焊料;铅酸电池,StrategicClock
CLK_O_Mg_Ca,ONTOLOGY,CL_O_Mg_Ca,I,Mg的供应安全风险（中国垄断）和轻量化需求增长（EV/航空）形成双重投资驱动。美国2022年镁供应危机（欧洲汽车厂停产）是典型案例，验证了战略脆弱性。,False,,,,,,Mg是被严重低估的供应链安全脆弱点——中国90%产量垄断已在2021年造成真实产业冲击。轻量化需求增长和地缘脱钩双重驱动下，非中国Mg冶炼产能建设是投资价值所在。Ca为文明级别化工基础元素，无战略关注需要。,SRC_001,,INTERNAL_STRUCTURED_SOURCE,Internal ONTOLOGY knowledge package; no external link attached in V2.5-B,2026-03-16,2026-03-16,0.68,MEDIUM,0.0,MIXED,MEDIUM,Mg/Ca;镁合金;汽车轻量化,StrategicClock
CLK_O_O_N,ONTOLOGY,CL_O_O_N,C,O/N资源无约束，战略价值在于配套工业气体服务体系和高纯气体制造能力，而非元素本身。GaN中的N无供应约束，Ga才是该功能位的战略约束点。,False,,,,,,O/N是工业化文明的气态基础元素，资源无约束，价值在于服务体系（工业气体公司的护城河是供气系统认证+规模经济，不是元素稀缺）。战略分析重心不在O/N本身，而在其形成的功能化合物：HfO₂（在Hf处已分析）和GaN（在Ga处已分析）。,SRC_001,,INTERNAL_STRUCTURED_SOURCE,Internal ONTOLOGY knowledge package; no external link attached in V2.5-B,2026-03-16,2026-03-16,0.68,MEDIUM,0.0,POSITIVE,MEDIUM,氧/氮;工业气体;化工基础,StrategicClock
CLK_G_C01_H,GRAPH,CL_G_C01_H,INVESTMENT,绿氢成本曲线（2024约4-6美元/kg）预计在2030年前后在部分场景与化石氢（<1美元/kg）交叉,,,,,,,投资时钟：2027-2032年是绿氢-灰氢成本交叉窗口；关键卡点是Ir需求（PEM）和绿电成本,SRC_EXT_006|SRC_EXT_001,https://www.energy.gov/articles/clean-hydrogen-production-tax-credit-45v-resources | https://taxation-customs.ec.europa.eu/carbon-border-adjustment-mechanism_en,MULTI_SOURCE,U.S. Department of Energy::DOE Clean Hydrogen Production Tax Credit (45V) Resources ; European Commission::European Commission CBAM official page,2026-01-14,2026-03-16,0.96,HIGH,0.0,MIXED,HIGH,CL_G_C01_H,StrategicClock
CLK_G_C02_C,GRAPH,CL_G_C02_C,CIVILIZATION,C资源丰富，石墨矿无战略稀缺；约束在工艺能力（高端碳纤维、特种石墨）,,,,,,,文明时钟整体；局部Si负极替代石墨的趋势是中期结构性变化，碳纤维高端材料是持续价值高地,SRC_EXT_003,https://exportcontrol.mofcom.gov.cn/article/zcfg/gnzcfg/zcfggzqd/202310/912.html,GOV_REPORT,Ministry of Commerce of the PRC::MOFCOM graphite export control announcement,2023-10-20,2026-03-16,0.86,MEDIUM_HIGH,0.1,MIXED,HIGH,CL_G_C02_C,StrategicClock
CLK_G_C03_NO,GRAPH,CL_G_C03_NO,CIVILIZATION,N/O资源绝对丰富（大气）；价值在GaN外延工艺能力和高纯气体制备,,,,,,,N/O本体文明时钟；GaN功率器件（依赖N）在设备制造和外延技术上是典型战术-投资时钟交叉,SRC_002,,INTERNAL_STRUCTURED_SOURCE,Internal GRAPH knowledge package; no external link attached in V2.5-B,2026-03-16,2026-03-16,0.68,MEDIUM,0.0,MIXED,MEDIUM,CL_G_C03_NO,StrategicClock
CLK_G_C04_AL,GRAPH,CL_G_C04_AL,CIVILIZATION,铝资源极丰富，技术成熟；约束在能源成本（绿铝premium）和高端产品工艺,,,,,,,文明时钟；局部投资时钟：绿铝产能（水电铝/光伏铝）和高端航空铝合金是确定性价值区,SRC_002,,INTERNAL_STRUCTURED_SOURCE,Internal GRAPH knowledge package; no external link attached in V2.5-B,2026-03-16,2026-03-16,0.68,MEDIUM,0.0,MIXED,MEDIUM,CL_G_C04_AL,StrategicClock
CLK_G_C05_FE,GRAPH,CL_G_C05_FE,CIVILIZATION,Fe资源极丰富，年产18亿吨粗钢；无稀缺性；约束在碳中和路径（绿氢冶炼）,,,,,,,文明时钟（资源）+投资时钟（氢冶金路线切换）；取向硅钢和LFP正极是当前最高价值区,SRC_EXT_001,https://taxation-customs.ec.europa.eu/carbon-border-adjustment-mechanism_en,GOV_REPORT,European Commission::European Commission CBAM official page,2026-01-14,2026-03-16,0.96,HIGH,0.0,MIXED,HIGH,CL_G_C05_FE,StrategicClock
CLK_G_C06_PF,GRAPH,CL_G_C06_PF,INVESTMENT,LFP需求爆发推动磷化工升级；PFAS监管（EU 2025年限制令）是结构性约束触发,,,,,,,P/F复合投资时钟：磷化工精细化（LFP正极配套）和含氟材料PFAS替代是两个确定性价值节点,SRC_002,,INTERNAL_STRUCTURED_SOURCE,Internal GRAPH knowledge package; no external link attached in V2.5-B,2026-03-16,2026-03-16,0.68,MEDIUM,0.0,MIXED,MEDIUM,CL_G_C06_PF,StrategicClock
CLK_G_C07_TIZRHF,GRAPH,CL_G_C07_TIZRHF,INVESTMENT,Ti在航空需求（商业航空复苏）；Zr在核电复兴（SMR+传统核）；Hf已进入战术时钟（先进制程唯一方案）,,,,,,,三位一体投资时钟：Ti（航空复苏），Zr（核电复兴），Hf（先进制程卡脖子）；Hf最为紧迫,SRC_002,,INTERNAL_STRUCTURED_SOURCE,Internal GRAPH knowledge package; no external link attached in V2.5-B,2026-03-16,2026-03-16,0.68,MEDIUM,0.0,MIXED,MEDIUM,CL_G_C07_TIZRHF,StrategicClock
CLK_G_C08_REFRACTORY,GRAPH,CL_G_C08_REFRACTORY,INVESTMENT,W受中国出口管制风险（已对高精度W产品实施管制）；Ta受刚果金政治风险；航发需求拉动高温合金,,,,,,,整体投资时钟；W/Ta已具战术时钟特征（管制已触发）；V液流电池是5年内最清晰的增量需求,SRC_002,,INTERNAL_STRUCTURED_SOURCE,Internal GRAPH knowledge package; no external link attached in V2.5-B,2026-03-16,2026-03-16,0.68,MEDIUM,0.0,MIXED,MEDIUM,CL_G_C08_REFRACTORY,StrategicClock
CLK_G_C09_MGCA,GRAPH,CL_G_C09_MGCA,CIVILIZATION,Mg/Ca资源丰富；当前产业成熟稳定；Mg电池是长期投资时钟（TRL3-4）,,,,,,,文明时钟：Mg/Ca无稀缺；Mg电池如果技术突破（2030+）将升级为投资时钟,SRC_002,,INTERNAL_STRUCTURED_SOURCE,Internal GRAPH knowledge package; no external link attached in V2.5-B,2026-03-16,2026-03-16,0.68,MEDIUM,0.0,MIXED,MEDIUM,CL_G_C09_MGCA,StrategicClock
CLK_G_C10_AGAU,GRAPH,CL_G_C10_AGAU,INVESTMENT,光伏银浆需求随装机量增长（但低银化趋势压缩单瓦用量）；铜电极替代是5-10年内的结构性风险,,,,,,,Ag投资时钟：光伏装机拉动需求增长vs低银化技术替代，两个方向赛跑决定窗口长短；Au持续金融+高可靠电子双重属性,SRC_002,,INTERNAL_STRUCTURED_SOURCE,Internal GRAPH knowledge package; no external link attached in V2.5-B,2026-03-16,2026-03-16,0.68,MEDIUM,0.0,MIXED,MEDIUM,CL_G_C10_AGAU,StrategicClock
CLK_G_C11_PGM,GRAPH,CL_G_C11_PGM,INVESTMENT,汽车催化需求逐渐被EV替代（Pd/Pt负面冲击）；绿氢PEM电解槽拉动Ir/Ru需求（强正冲击）,,,,,,,Ir已进入战术时钟（供需矛盾清晰可见）；Pd/Rh处于需求下行通道（EV替代）；差异化策略：增持Ir/Ru，审慎Pt/Pd,SRC_EXT_006,https://www.energy.gov/articles/clean-hydrogen-production-tax-credit-45v-resources,GOV_REPORT,U.S. Department of Energy::DOE Clean Hydrogen Production Tax Credit (45V) Resources,2024-01-01,2026-03-16,0.84,MEDIUM_HIGH,0.1,MIXED,HIGH,CL_G_C11_PGM,StrategicClock
CLK_G_C12_ZNSNPB,GRAPH,CL_G_C12_ZNSNPB,CIVILIZATION,三种金属均属成熟工业材料；Pb受环保管制持续压缩应用边界；Zn液流电池是新兴但规模小,,,,,,,文明时钟整体；Pb监管收紧是不可逆趋势；Zn液流电池2025-2030年有局部投资时钟窗口,SRC_002,,INTERNAL_STRUCTURED_SOURCE,Internal GRAPH knowledge package; no external link attached in V2.5-B,2026-03-16,2026-03-16,0.68,MEDIUM,0.0,MIXED,MEDIUM,CL_G_C12_ZNSNPB,StrategicClock
CLK_G_C13_SCLS,GRAPH,CL_G_C13_SCLS,CIVILIZATION,S/Cl均为大宗化工原料，无稀缺；Li-S电池是长期研究阶段，商业化仍远,,,,,,,文明时钟；关注长期：碳中和降低石化脱硫副产S→未来S可能趋紧；Li-S电池是10+年期的技术期权,SRC_002,,INTERNAL_STRUCTURED_SOURCE,Internal GRAPH knowledge package; no external link attached in V2.5-B,2026-03-16,2026-03-16,0.68,MEDIUM,0.0,MIXED,MEDIUM,CL_G_C13_SCLS,StrategicClock
CLK_G_C14_UTHF,GRAPH,CL_G_C14_UTHF,INVESTMENT,全球核复兴（AI数据中心清洁电力需求+脱碳政策）推动铀需求上升；铀库存消耗阶段已过,,,,,,,U投资时钟：2025-2030年铀现货+长协价格将显著上涨；Th是15年+期权；关注浓缩能力（HALEU产能瓶颈）,SRC_002,,INTERNAL_STRUCTURED_SOURCE,Internal GRAPH knowledge package; no external link attached in V2.5-B,2026-03-16,2026-03-16,0.68,MEDIUM,0.0,MIXED,MEDIUM,CL_G_C14_UTHF,StrategicClock
CLK_G_C15_REE,GRAPH,CL_G_C15_REE,TACTIC,中国稀土出口管制持续加强；美国DoD资助Lynas建设重稀土分离（德克萨斯）；人形机器人和直驱风电拉动Dy/Tb需求,,,,,,,Dy/Tb：战术时钟（已触发）+投资时钟（3-5年需求拐点）；Nd/Pr：投资时钟（3-7年）；La/Ce：文明时钟,SRC_EXT_004|SRC_EXT_009,https://www.mee.gov.cn/zcwj/gwywj/202407/t20240701_1080564.shtml | https://www.defense.gov/News/News-Stories/Article/Article/3700059/dod-looks-to-establish-mine-to-magnet-supply-chain-for-rare-earth-materials/,MULTI_SOURCE,State Council of the PRC / China Government::Rare Earth Management Regulations of China ; U.S. Department of Defense::DoD mine-to-magnet and Lynas award,2024-07-01,2026-03-16,0.92,HIGH,0.05,MIXED,HIGH,CL_G_C15_REE,StrategicClock
CLK_G_C16_GAGEIN,GRAPH,CL_G_C16_GAGEIN,TACTIC,2023年8月中国实施Ga/Ge出口管制；价格6个月内上涨60-80%；非中国替代产能建设至少3-5年,,,,,,,Ga/Ge/In：战术时钟全部触发（管制已实施）；替代供应链2027-2028年前难以替代中国产能；关注非中国Ga/Ge提炼产能建设,SRC_EXT_002|SRC_EXT_008|SRC_EXT_010,https://www.mofcom.gov.cn/zcfb/dwmygl/art/2023/art_52b9a321087f402bb3d310d18b07967e.html | https://www.nist.gov/chips/proposed-funding-sites | https://www.energy.gov/cmm/what-are-critical-minerals-and-materials,MULTI_SOURCE,Ministry of Commerce of the PRC::MOFCOM announcement on gallium and germanium export controls ; U.S. Department of Commerce / NIST::NIST CHIPS proposed funding sites for GaN/GaAs ; U.S. Department of Energy::DOE critical materials list page,2025-03-19,2026-03-16,0.97,HIGH,0.0,MIXED,HIGH,CL_G_C16_GAGEIN,StrategicClock
CLK_G_C17_LINA,GRAPH,CL_G_C17_LINA,INVESTMENT,固态电池TRL从4升至5-6；Li金属负极（固态）将使Li用量×2倍；当前Li价处于低位是布局窗口,,,,,,,Li：投资时钟（固态电池TRL拐点3-7年）；当前Li价低位是布局固态电池产业链的窗口期,SRC_EXT_007|SRC_EXT_011,https://eur-lex.europa.eu/EN/legal-content/summary/sustainability-rules-for-batteries-and-waste-batteries.html | https://www.energy.gov/articles/doe-releases-final-interpretive-guidance-definition-foreign-entity-concern,MULTI_SOURCE,EUR-Lex / European Union::EU Batteries Regulation summary ; U.S. Department of Energy::DOE FEOC interpretive guidance,2025-07-04,2026-03-16,0.94,HIGH,0.0,MIXED,HIGH,CL_G_C17_LINA,StrategicClock
CLK_G_C18_CU,GRAPH,CL_G_C18_CU,CIVILIZATION,Cu资源丰富，回收体系成熟；短期价格受AI数据中心需求超预期影响；中期无供应安全问题,,,,,,,文明时钟；AI数据中心在2025-2030年是Cu需求的超预期增长引擎；关注高端铜箔（锂电）和靶材（半导体）的工艺价值高地,SRC_002,,INTERNAL_STRUCTURED_SOURCE,Internal GRAPH knowledge package; no external link attached in V2.5-B,2026-03-16,2026-03-16,0.68,MEDIUM,0.0,MIXED,MEDIUM,CL_G_C18_CU,StrategicClock
CLK_G_C19_NICOMN,GRAPH,CL_G_C19_NICOMN,INVESTMENT,Co降钴趋势持续推进（ESG驱动）；Ni高镍化是确定趋势；Mn通过LMFP开辟新市场,,,,,,,Ni：投资时钟（高镍化+固态电池双驱动）；Co：技术替代触发（降Co趋势不可逆）；Mn：投资时钟（LMFP新增量）,SRC_EXT_007|SRC_EXT_011,https://eur-lex.europa.eu/EN/legal-content/summary/sustainability-rules-for-batteries-and-waste-batteries.html | https://www.energy.gov/articles/doe-releases-final-interpretive-guidance-definition-foreign-entity-concern,MULTI_SOURCE,EUR-Lex / European Union::EU Batteries Regulation summary ; U.S. Department of Energy::DOE FEOC interpretive guidance,2025-07-04,2026-03-16,0.94,HIGH,0.0,MIXED,HIGH,CL_G_C19_NICOMN,StrategicClock
CLK_G_C20_SI,GRAPH,CL_G_C20_SI,CIVILIZATION,Si资源极丰富；多晶硅严重过剩（2024年产能/需求比=1.6）；约束完全在工艺精度和设备（EUV）,,,,,,,文明时钟（资源）；先进制程晶圆+EUV设备是战术-投资时钟交叉点（设备管制非材料稀缺）,SRC_EXT_008,https://www.nist.gov/chips/proposed-funding-sites,GOV_REPORT,U.S. Department of Commerce / NIST::NIST CHIPS proposed funding sites for GaN/GaAs,2024-06-25,2026-03-16,0.9,HIGH,0.05,MIXED,HIGH,CL_G_C20_SI,StrategicClock
CLK_O2_S_Cl,ONTOLOGY_SUPPLEMENT,CL_O_S_Cl,CIVILIZATION,V2.2 backfilled reasoning: S/Cl均为大宗化工原料，无稀缺；Li-S电池是长期研究阶段，商业化仍远,,,,,,,文明时钟；关注长期：碳中和降低石化脱硫副产S→未来S可能趋紧；Li-S电池是10+年期的技术期权,SRC_002,,INTERNAL_STRUCTURED_SOURCE,Internal ONTOLOGY_SUPPLEMENT knowledge package; no external link attached in V2.5-B,2026-03-16,2026-03-16,0.68,MEDIUM,0.0,MIXED,MEDIUM,CL_O_S_Cl,StrategicClock
CLK_O2_U_Th,ONTOLOGY_SUPPLEMENT,CL_O_U_Th,INVESTMENT,V2.2 backfilled reasoning: 全球核复兴（AI数据中心清洁电力需求+脱碳政策）推动铀需求上升；铀库存消耗阶段已过,,,,,,,U投资时钟：2025-2030年铀现货+长协价格将显著上涨；Th是15年+期权；关注浓缩能力（HALEU产能瓶颈）,SRC_002,,INTERNAL_STRUCTURED_SOURCE,Internal ONTOLOGY_SUPPLEMENT knowledge package; no external link attached in V2.5-B,2026-03-16,2026-03-16,0.68,MEDIUM,0.0,MIXED,MEDIUM,U/Th;核燃料/核能,StrategicClock
CLK_O2_REE,ONTOLOGY_SUPPLEMENT,CL_O_REE,TACTIC,V2.2 backfilled reasoning: 中国稀土出口管制持续加强；美国DoD资助Lynas建设重稀土分离（德克萨斯）；人形机器人和直驱风电拉动Dy/Tb需求,,,,,,,Dy/Tb：战术时钟（已触发）+投资时钟（3-5年需求拐点）；Nd/Pr：投资时钟（3-7年）；La/Ce：文明时钟,SRC_EXT_004|SRC_EXT_009,https://www.mee.gov.cn/zcwj/gwywj/202407/t20240701_1080564.shtml | https://www.defense.gov/News/News-Stories/Article/Article/3700059/dod-looks-to-establish-mine-to-magnet-supply-chain-for-rare-earth-materials/,MULTI_SOURCE,State Council of the PRC / China Government::Rare Earth Management Regulations of China ; U.S. Department of Defense::DoD mine-to-magnet and Lynas award,2024-07-01,2026-03-16,0.92,HIGH,0.05,MIXED,HIGH,稀土;磁材;永磁电机;分离冶炼,StrategicClock
CLK_O2_Ga_Ge_In,ONTOLOGY_SUPPLEMENT,CL_O_Ga_Ge_In,TACTIC,V2.2 backfilled reasoning: 2023年8月中国实施Ga/Ge出口管制；价格6个月内上涨60-80%；非中国替代产能建设至少3-5年,,,,,,,Ga/Ge/In：战术时钟全部触发（管制已实施）；替代供应链2027-2028年前难以替代中国产能；关注非中国Ga/Ge提炼产能建设,SRC_EXT_002|SRC_EXT_008|SRC_EXT_010,https://www.mofcom.gov.cn/zcfb/dwmygl/art/2023/art_52b9a321087f402bb3d310d18b07967e.html | https://www.nist.gov/chips/proposed-funding-sites | https://www.energy.gov/cmm/what-are-critical-minerals-and-materials,MULTI_SOURCE,Ministry of Commerce of the PRC::MOFCOM announcement on gallium and germanium export controls ; U.S. Department of Commerce / NIST::NIST CHIPS proposed funding sites for GaN/GaAs ; U.S. Department of Energy::DOE critical materials list page,2025-03-19,2026-03-16,0.97,HIGH,0.0,MIXED,HIGH,Ga/Ge/In;GaN/GaAs;光电子;化合物半导体,StrategicClock
CLK_O2_Li_Na,ONTOLOGY_SUPPLEMENT,CL_O_Li_Na,INVESTMENT,V2.2 backfilled reasoning: 固态电池TRL从4升至5-6；Li金属负极（固态）将使Li用量×2倍；当前Li价处于低位是布局窗口,,,,,,,Li：投资时钟（固态电池TRL拐点3-7年）；当前Li价低位是布局固态电池产业链的窗口期,SRC_EXT_007|SRC_EXT_011,https://eur-lex.europa.eu/EN/legal-content/summary/sustainability-rules-for-batteries-and-waste-batteries.html | https://www.energy.gov/articles/doe-releases-final-interpretive-guidance-definition-foreign-entity-concern,MULTI_SOURCE,EUR-Lex / European Union::EU Batteries Regulation summary ; U.S. Department of Energy::DOE FEOC interpretive guidance,2025-07-04,2026-03-16,0.94,HIGH,0.0,MIXED,HIGH,Li/Na;电池与储能,StrategicClock
CLK_O2_Cu,ONTOLOGY_SUPPLEMENT,CL_O_Cu,CIVILIZATION,V2.2 backfilled reasoning: Cu资源丰富，回收体系成熟；短期价格受AI数据中心需求超预期影响；中期无供应安全问题,,,,,,,文明时钟；AI数据中心在2025-2030年是Cu需求的超预期增长引擎；关注高端铜箔（锂电）和靶材（半导体）的工艺价值高地,SRC_002,,INTERNAL_STRUCTURED_SOURCE,Internal ONTOLOGY_SUPPLEMENT knowledge package; no external link attached in V2.5-B,2026-03-16,2026-03-16,0.68,MEDIUM,0.0,MIXED,MEDIUM,CL_O_Cu,StrategicClock
CLK_O2_Ni_Co_Mn,ONTOLOGY_SUPPLEMENT,CL_O_Ni_Co_Mn,INVESTMENT,V2.2 backfilled reasoning: Co降钴趋势持续推进（ESG驱动）；Ni高镍化是确定趋势；Mn通过LMFP开辟新市场,,,,,,,Ni：投资时钟（高镍化+固态电池双驱动）；Co：技术替代触发（降Co趋势不可逆）；Mn：投资时钟（LMFP新增量）,SRC_EXT_007|SRC_EXT_011,https://eur-lex.europa.eu/EN/legal-content/summary/sustainability-rules-for-batteries-and-waste-batteries.html | https://www.energy.gov/articles/doe-releases-final-interpretive-guidance-definition-foreign-entity-concern,MULTI_SOURCE,EUR-Lex / European Union::EU Batteries Regulation summary ; U.S. Department of Energy::DOE FEOC interpretive guidance,2025-07-04,2026-03-16,0.94,HIGH,0.0,MIXED,HIGH,Ni/Co/Mn;三元正极与合金,StrategicClock
CLK_O2_Si,ONTOLOGY_SUPPLEMENT,CL_O_Si,CIVILIZATION,V2.2 backfilled reasoning: Si资源极丰富；多晶硅严重过剩（2024年产能/需求比=1.6）；约束完全在工艺精度和设备（EUV）,,,,,,,文明时钟（资源）；先进制程晶圆+EUV设备是战术-投资时钟交叉点（设备管制非材料稀缺）,SRC_EXT_008,https://www.nist.gov/chips/proposed-funding-sites,GOV_REPORT,U.S. Department of Commerce / NIST::NIST CHIPS proposed funding sites for GaN/GaAs,2024-06-25,2026-03-16,0.9,HIGH,0.05,MIXED,HIGH,Si;晶圆/芯片/光伏,StrategicClock
